,study,study_experiment,vol_cm3,footprint_cm2,temp_C,time_d,pred_type,pred_sp,interaction,dim,pred_g,prey_type,prey_sp,prey_g,min_den,max_den,min_m2,max_m2,min_gm2,max_gm2,R,capture,q,handling,cap.g.prey,cap.g.m2.d,cap.pred.g,handling.d,handling.gd,MFR,MFR.pred.g,HSD,HSD.pred.g2,slopes.g.m2.d,slopes.pred.g
1,1,experiment,3424.176,407.64,7.91,1,Crustacea,Carcinus maenas,AC_mob,2D,6.856,Crustacea,Echinogammarus marinus,0.047,2,32,49.06289864,785.0063782,2.305956236,36.89529977,145.8723404,0.5734164,0.9513192,0.0608448,0.026950571,0.001098613,0.000160241,0.0608448,1.29E+00,7.72E-01,1.13E-01,6.436539678,0.938818506,0.026890261,0.00392215
2,1,experiment,3424.176,407.64,7.91,1,Osteichthyes,Lipophrys pholis,AC_mob,2D,3.36,Crustacea,Echinogammarus marinus,0.045,2,32,49.06289864,785.0063782,2.207830439,35.32528702,74.66666667,0.894775,1,0.180655,0.040264875,0.001641357,0.000488499,0.180655,4.01E+00,2.49E-01,7.41E-02,2.745704574,0.81717398,0.020231559,0.006021297
3,1,experiment,3424.176,407.64,7.99,1,Osteichthyes,Lipophrys pholis,AC_mob,2D,9.59,Crustacea,Echinogammarus marinus,0.049,2,32,49.06289864,785.0063782,2.404082033,38.46531253,195.7142857,4.1880631,0,0.044438,0.205215092,0.008365388,0.000872303,0.044438,9.07E-01,1.10E+00,1.15E-01,6.458795977,0.673492803,0.008365388,0.000872303
4,1,experiment,11225.1,905.25,7.85,1,Crustacea,Carcinus maenas,AC_mob,2D,25.8,Crustacea,Echinogammarus marinus,0.055,2,32,22.09334438,353.4935101,1.215133941,19.44214305,469.0909091,0.658071,0,0.043082,0.036193905,0.003276453,0.000126994,0.043082,7.83E-01,1.28E+00,4.95E-02,21.43016658,0.830626612,0.003276453,0.000126994
5,1,experiment,3424.176,407.64,8.03,1,Osteichthyes,Pholis gunnellus,AC_mob,2D,5.705,Crustacea,Echinogammarus marinus,0.05,2,16,49.06289864,392.5031891,2.453144932,19.62515945,114.1,1.088244,0.452261,0.182492,0.0544122,0.002218059,0.000388792,0.182492,3.65E+00,2.74E-01,4.80E-02,3.733343724,0.654398549,0.009939805,0.001742297
6,1,experiment,31524,1970.25,8,0.66,Crustacea,Carcinus maenas,AC_mob,2D,102.8,Mollusca,Mytilus edulis,13.665,4,32,20.30199213,162.4159371,277.4267225,2219.41378,7.522868643,0.10303,1,0.72096,1.40790495,0.420291625,0.00408844,0.4758336,3.48E-02,2.87E+01,2.79E-01,254.4783645,2.475470472,3.475247552,0.03380591
7,1,experiment,31524,1970.25,8,0.66,Crustacea,Carcinus maenas,AC_stat,2D,94.025,Mollusca,Mytilus edulis,6.5184,4,32,20.30199213,162.4159371,132.3365055,1058.692044,14.42455204,1.544986,0,0.226567,10.07083674,3.00637365,0.031974195,0.14953422,2.29E-02,4.36E+01,4.64E-01,94.51450597,1.005206126,3.00637365,0.031974195
8,1,experiment,31524,1970.25,8,0.66,Crustacea,Carcinus maenas,AC_stat,2D,96.57,Mollusca,Mytilus edulis,1.075865,4,64,20.30199213,324.8318741,21.84220277,349.4752443,89.76033238,1.5658,0.2477505,0.0300743,1.684589417,0.502888227,0.0052075,0.019849038,1.84E-02,5.42E+01,5.61E-01,63.21279421,0.654580037,1.274325692,0.013195875
9,1,experiment,31524,1970.25,7.92,0.66,Crustacea,Carcinus maenas,AC_stat,2D,66.8625,Mollusca,Mytilus edulis,13.665,4,32,20.30199213,162.4159371,277.4267225,2219.41378,4.892974753,0.53021,0,0.79127,7.24531965,2.162892582,0.032348365,0.5222382,3.82E-02,2.62E+01,3.91E-01,165.3163032,2.472481633,2.162892582,0.032348365
10,1,experiment,31524,1970.25,8,0.66,Crustacea,Carcinus maenas,AC_stat,2D,60.17,Mollusca,Mytilus edulis,6.5184,4,32,20.30199213,162.4159371,132.3365055,1058.692044,9.230792833,0.040335,1,0.810452,0.262919664,0.078487495,0.001304429,0.53489832,8.21E-02,1.22E+01,2.03E-01,182.9847897,3.041129961,0.977751871,0.016249823
11,1,experiment,31524,1970.25,8,0.66,Crustacea,Carcinus maenas,AC_stat,2D,60.235,Mollusca,Mytilus edulis,1.075865,4,64,20.30199213,324.8318741,21.84220277,349.4752443,55.98750773,0.8986328,0.1690851,0.0210032,0.966807577,0.288614035,0.004791467,0.013862112,1.29E-02,7.76E+01,1.29E+00,162.9322236,2.704942701,0.64809372,0.010759421
12,1,experiment,31524,1970.25,7.92,0.66,Crustacea,Carcinus maenas,AC_stat,2D,25.075,Mollusca,Mytilus edulis,13.665,4,32,20.30199213,162.4159371,277.4267225,2219.41378,1.834979876,0.00085052,1,2.26050419,0.011622356,0.003469537,0.000138366,1.491932765,1.09E-01,9.16E+00,3.65E-01,1581.770153,63.08156144,0.178411364,0.007115109
13,1,experiment,31524,1970.25,8,0.66,Crustacea,Carcinus maenas,AC_stat,2D,25.2625,Mollusca,Mytilus edulis,6.5184,4,32,20.30199213,162.4159371,132.3365055,1058.692044,3.875567624,0.0017064,1,1.1276378,0.011122998,0.003320468,0.000131439,0.744240948,1.14E-01,8.76E+00,3.47E-01,754.2137351,29.85507116,0.170666084,0.006755708
14,1,experiment,31524,1970.25,8,0.66,Crustacea,Carcinus maenas,AC_stat,2D,25.185,Mollusca,Mytilus edulis,1.075865,4,64,20.30199213,324.8318741,21.84220277,349.4752443,23.40907084,0.0165362,1,0.0596794,0.017790719,0.005310934,0.000210877,0.039388404,3.66E-02,2.73E+01,1.08E+00,173.8226477,6.901832348,0.380929766,0.015125264
15,1,experiment,11225.1,905.25,12,1,Cnidaria,Actinia equina,SW,2D,0.1582349,Crustacea,Echinogammarus marinus,0.122,2,25,22.09334438,276.1668048,2.695388014,33.69235018,1.297007377,0.07696,0,0,0.00938912,0.00084995,0.005371445,0,0.00E+00,,,,,0.00084995,0.005371445
16,1,experiment,11225.1,905.25,12,1,Cnidaria,Actinia equina,SW,2D,1.674,Crustacea,Echinogammarus marinus,0.122,2,25,22.09334438,276.1668048,2.695388014,33.69235018,13.72131148,0.09342,1.0938,0.88864,0.01139724,0.001031735,0.000616329,0.88864,7.28E+00,1.37E-01,8.20E-02,4.423828956,2.642669627,0.013283166,0.007934985
17,1,experiment,11225.1,905.25,12,1,Cnidaria,Actinia equina,SW,2D,8.99,Crustacea,Echinogammarus marinus,0.122,2,25,22.09334438,276.1668048,2.695388014,33.69235018,73.68852459,0.062713,1,0.177674,0.007650986,0.000692606,7.70E-05,0.177674,1.46E+00,6.87E-01,7.64E-02,12.76734426,1.420171776,0.021780442,0.002422741
18,1,experiment,11225.1,905.25,12.3,1,Cnidaria,Actinia equina,SW,2D,1.674,Crustacea,Echinogammarus marinus,0.059,2,25,22.09334438,276.1668048,1.303507318,16.29384148,28.37288136,0.15182,0,0.32696,0.00895738,0.000810867,0.000484389,0.32696,5.54E+00,1.80E-01,1.08E-01,13.12985308,7.843400882,0.000810867,0.000484389
19,1,experiment,11225.1,905.25,12.3,1,Cnidaria,Actinia equina,SW,2D,1.674,Crustacea,Echinogammarus marinus,0.007742,2,25,22.09334438,276.1668048,0.171046672,2.138083402,216.2231981,0.023415,1,0.175207,0.000181279,1.64E-05,9.80E-06,0.175207,2.26E+01,4.42E-02,2.64E-02,1.335247661,0.797638985,8.52E-04,0.000508876
20,1,experiment,11225.1,905.25,12,1,Cnidaria,Actinia equina,SW,2D,0.1582349,Crustacea,Echinogammarus marinus,0.059,2,25,22.09334438,276.1668048,1.303507318,16.29384148,2.681947458,0.0039649,1,0.9874803,0.000233929,2.12E-05,0.000133829,0.9874803,1.67E+01,5.97E-02,3.78E-01,10.41605199,65.82651481,0.001126704,0.00712045
21,1,experiment,11225.1,905.25,11.9,1,Cnidaria,Actinia equina,SW,2D,8.99,Crustacea,Echinogammarus marinus,0.059,2,25,22.09334438,276.1668048,1.303507318,16.29384148,152.3728814,0.26371,0,0.26002,0.01555889,0.001408469,0.000156671,0.26002,4.41E+00,2.27E-01,2.52E-02,9.504956321,1.057281015,0.001408469,0.000156671
22,1,experiment,11225.1,905.25,11.9,1,Cnidaria,Actinia equina,SW,2D,0.1582349,Crustacea,Echinogammarus marinus,0.007742,2,25,22.09334438,276.1668048,0.171046672,2.138083402,20.43850426,0.07696,1,0.374246,0.000595824,5.39E-05,0.000340866,0.374246,4.83E+01,2.07E-02,1.31E-01,0.503933837,3.184719913,1.06E-03,0.006676034
23,1,experiment,134926.1,4190,15.22,2.75,Echinodermata,Marthasterias glacialis,AC_stat,2D,547.885,Mollusca,Mytilus edulis,13.665,1,6,2.386634845,14.31980907,32.61336516,195.6801909,40.09403586,0.35918,1,0.29643,4.9081947,0.747830392,0.00136494,0.8151825,5.97E-02,1.68E+01,3.06E-02,99.94900223,0.182426973,3.539275664,0.006459888
24,1,experiment,31524,1970.25,15.021,2.75,Echinodermata,Asterias rubens,AC_stat,2D,98.72,Mollusca,Mytilus edulis,5.70375,1,6,5.075498033,30.4529882,28.94937191,173.6962314,17.30791146,0.319694,2.624024,0.401137,1.823454653,0.130642237,0.001323361,1.10312675,1.93E-01,5.17E+00,5.24E-02,51.02310375,0.516846675,1.876710569,0.019010439
25,1,experiment,11225.1,905.25,15.021,2.75,Echinodermata,Asterias rubens,AC_stat,2D,38.834,Mollusca,Mytilus edulis,5.70375,1,4,11.04667219,44.18668876,63.0074565,252.029826,6.808503178,1.6901,0,0.6295,9.639907875,0.31732824,0.008171402,1.731125,3.04E-01,3.29E+00,8.48E-02,59.2221012,1.525006469,0.31732824,0.008171402
26,1,experiment,31524,1970.25,15.22,2.75,Echinodermata,Asterias rubens,AC_stat,2D,160.28,Mollusca,Mytilus edulis,5.70375,1,6,5.075498033,30.4529882,28.94937191,173.6962314,28.10081087,0.984466,0,0.064996,5.615147948,0.402299827,0.002509981,0.178739,3.13E-02,3.19E+01,1.99E-01,452.4304159,2.822750286,0.402299827,0.002509981
28,1,experiment,31524,1970.25,13.1,2.75,Echinodermata,Asterias rubens,AC_stat,2D,98.72,Mollusca,Mytilus edulis,1.075865,1,4,5.075498033,20.30199213,5.460550692,21.84220277,91.75872438,1.116244,0,0.106265,1.200927851,0.086041022,0.000871566,0.29222875,2.72E-01,3.68E+00,3.73E-02,46.03488463,0.466317713,0.086041022,0.000871566
29,1,experiment,31524,1970.25,15.2,0.75,Crustacea,Necora puber,AC_stat,2D,157.3638095,Mollusca,Mytilus edulis,3.44,2,20,10.15099607,101.5099607,34.91942647,349.1942647,45.74529346,3.43537,0,0.15257,11.8176728,3.104502645,0.019728187,0.1144275,3.33E-02,3.01E+01,1.91E-01,33.31151934,0.211684754,3.104502645,0.019728187
30,1,experiment,31524,1970.25,15.2,0.75,Crustacea,Necora puber,AC_stat,2D,70.53388889,Mollusca,Mytilus edulis,4.44,1,20,5.075498033,101.5099607,22.53521127,450.7042254,15.88601101,0.82944,0,0.36529,3.6827136,0.967448863,0.013716086,0.2739675,6.17E-02,1.62E+01,2.30E-01,74.37703733,1.054486553,0.967448863,0.013716086
31,1,experiment,31524,1970.25,13.1,0.75,Crustacea,Cancer pagurus,AC_stat,2D,205.6111765,Mollusca,Mytilus edulis,4.44,2,40,10.15099607,203.0199213,45.07042254,901.4084507,46.30882353,0.3715667,1.0140461,0.0572692,1.649756148,0.43339094,0.002107818,0.0429519,9.67E-03,1.03E+02,5.03E-01,152.4235994,0.741319621,6.823666282,0.033187234
33,1,experiment,31524,1970.25,13.5,0.75,Crustacea,Cancer pagurus,AC_stat,2D,407.11,Mollusca,Mytilus edulis,0.12,1,20,5.075498033,101.5099607,0.609059764,12.18119528,3392.583333,0.077879,1,0.128171,0.00934548,0.002455058,6.03E-06,0.09612825,8.01E-01,1.25E+00,3.07E-03,6.096138711,0.014974181,0.055362363,0.000135989
34,2,"Aljetlawi, A.A., Sparrevik, E. & Leonardsson, K. (2004) Prey-predator size-dependent functional response: derivation and rescaling to the real world. Journal of Animal Ecology, 73, 239–252.",60000,2000,5.7,1,Crustacea,Saduria entomon,AC_mob,2D,0.3864734,Crustacea,Monoporeia affinis,8.00E-04,60,460,300,2300,0.24,1.84,483.09175,0.00026867,1,0.10361,2.15E-07,0.000000043,1.11E-07,0.10361,1.30E+02,7.72E-03,2.00E-02,0.758140272,1.961688106,1.82E-05,4.71E-05
35,2,"Aljetlawi, A.A., Sparrevik, E. & Leonardsson, K. (2004) Prey-predator size-dependent functional response: derivation and rescaling to the real world. Journal of Animal Ecology, 73, 239–252.",60000,2000,5.7,1,Crustacea,Saduria entomon,AC_mob,2D,0.3864734,Crustacea,Monoporeia affinis,0.003775,60,460,300,2300,1.1325,8.6825,102.3770596,9.55E-05,1,0.15854,3.60E-07,0.000000072,1.86E-07,0.15854,4.20E+01,2.38E-02,6.16E-02,4.850827685,12.55151761,4.14E-05,0.000107133
36,2,"Aljetlawi, A.A., Sparrevik, E. & Leonardsson, K. (2004) Prey-predator size-dependent functional response: derivation and rescaling to the real world. Journal of Animal Ecology, 73, 239–252.",60000,2000,5.7,1,Crustacea,Saduria entomon,AC_mob,2D,0.3864734,Crustacea,Monoporeia affinis,0.011625,60,460,300,2300,3.4875,26.7375,33.24502366,6.05E-05,1,0.79843,7.03E-07,1.41E-07,3.64E-07,0.79843,6.87E+01,1.46E-02,3.77E-02,8.363091632,21.63950127,4.53E-05,0.000117223
37,2,"Aljetlawi, A.A., Sparrevik, E. & Leonardsson, K. (2004) Prey-predator size-dependent functional response: derivation and rescaling to the real world. Journal of Animal Ecology, 73, 239–252.",60000,2000,5.7,1,Crustacea,Saduria entomon,AC_mob,2D,2.487923,Crustacea,Monoporeia affinis,8.00E-04,60,460,300,2300,0.24,1.84,3109.90375,0.00031281,1,0.10095,2.50E-07,0.00000005,2.01E-08,0.10095,1.26E+02,7.92E-03,3.19E-03,0.711813984,0.286107723,1.99E-05,8.01E-06
38,2,"Aljetlawi, A.A., Sparrevik, E. & Leonardsson, K. (2004) Prey-predator size-dependent functional response: derivation and rescaling to the real world. Journal of Animal Ecology, 73, 239–252.",60000,2000,5.7,1,Crustacea,Saduria entomon,AC_mob,2D,2.487923,Crustacea,Monoporeia affinis,0.003775,60,460,300,2300,1.1325,8.6825,659.0524503,0.0011787,1,0.0966851,4.45E-06,0.00000089,3.58E-07,0.0966851,2.56E+01,3.90E-02,1.57E-02,1.768094785,0.710671024,1.86E-04,7.49E-05
39,2,"Aljetlawi, A.A., Sparrevik, E. & Leonardsson, K. (2004) Prey-predator size-dependent functional response: derivation and rescaling to the real world. Journal of Animal Ecology, 73, 239–252.",60000,2000,5.7,1,Crustacea,Saduria entomon,AC_mob,2D,2.487923,Crustacea,Monoporeia affinis,0.011625,60,460,300,2300,3.4875,26.7375,214.0148817,0.00016547,1.15662094,0.09046153,1.92E-06,0.000000384,1.54E-07,0.09046153,7.78E+00,1.29E-01,5.17E-02,10.03631531,4.034013638,3.53E-04,0.000141726
40,2,"Aljetlawi, A.A., Sparrevik, E. & Leonardsson, K. (2004) Prey-predator size-dependent functional response: derivation and rescaling to the real world. Journal of Animal Ecology, 73, 239–252.",60000,2000,5.7,1,Crustacea,Saduria entomon,AC_mob,2D,7.753623,Crustacea,Monoporeia affinis,8.00E-04,60,460,300,2300,0.24,1.84,9692.02875,0.00034568,1,0.059922,2.77E-07,5.54E-08,7.15E-09,0.059922,7.49E+01,1.34E-02,1.72E-03,0.878880269,0.113350916,2.72E-05,3.51E-06
41,2,"Aljetlawi, A.A., Sparrevik, E. & Leonardsson, K. (2004) Prey-predator size-dependent functional response: derivation and rescaling to the real world. Journal of Animal Ecology, 73, 239–252.",60000,2000,5.7,1,Crustacea,Saduria entomon,AC_mob,2D,7.753623,Crustacea,Monoporeia affinis,0.003775,60,460,300,2300,1.1325,8.6825,2053.939868,2.92E-05,1.6179,0.0499,1.10E-07,0.000000022,2.84E-09,0.0499,1.32E+01,7.57E-02,9.76E-03,3.20148911,0.412902344,2.41E-04,3.11E-05
42,2,"Aljetlawi, A.A., Sparrevik, E. & Leonardsson, K. (2004) Prey-predator size-dependent functional response: derivation and rescaling to the real world. Journal of Animal Ecology, 73, 239–252.",60000,2000,5.7,1,Crustacea,Saduria entomon,AC_mob,2D,7.753623,Crustacea,Monoporeia affinis,0.011625,60,460,300,2300,3.4875,26.7375,666.9783226,0.00052797,1,0.11513151,6.14E-06,0.000001228,1.58E-07,0.11513151,9.90E+00,1.01E-01,1.30E-02,7.455233368,0.961516103,3.52E-04,4.54E-05
43,2,"Aljetlawi, A.A., Sparrevik, E. & Leonardsson, K. (2004) Prey-predator size-dependent functional response: derivation and rescaling to the real world. Journal of Animal Ecology, 73, 239–252.",60000,2000,5.7,1,Crustacea,Saduria entomon,AC_mob,2D,17.14976,Crustacea,Monoporeia affinis,8.00E-04,60,460,300,2300,0.24,1.84,21437.2,0.00020064,1,0.089766,1.61E-07,3.22E-08,1.88E-09,0.089766,1.12E+02,8.91E-03,5.20E-04,0.942530245,0.054958801,1.70E-05,9.89E-07
44,2,"Aljetlawi, A.A., Sparrevik, E. & Leonardsson, K. (2004) Prey-predator size-dependent functional response: derivation and rescaling to the real world. Journal of Animal Ecology, 73, 239–252.",60000,2000,5.7,1,Crustacea,Saduria entomon,AC_mob,2D,17.14976,Crustacea,Monoporeia affinis,0.003775,60,460,300,2300,1.1325,8.6825,4542.982781,0.00049668,1,0.05464782,1.87E-06,0.000000374,2.18E-08,0.05464782,1.45E+01,6.91E-02,4.03E-03,3.622948855,0.211253618,1.61E-04,9.36E-06
45,2,"Aljetlawi, A.A., Sparrevik, E. & Leonardsson, K. (2004) Prey-predator size-dependent functional response: derivation and rescaling to the real world. Journal of Animal Ecology, 73, 239–252.",60000,2000,5.7,1,Crustacea,Saduria entomon,AC_mob,2D,17.14976,Crustacea,Monoporeia affinis,0.011625,60,460,300,2300,3.4875,26.7375,1475.248172,0.00058741,1,0.06052721,6.83E-06,0.000001366,7.97E-08,0.06052721,5.21E+00,1.92E-01,1.12E-02,9.748032541,0.568406353,0.000512043,2.99E-05
46,3,"Anderson, T.W. (2001) Predator responses, prey refuges, and density-dependent mortality of a marine fish. Ecology, 82, 245–257.",5.00E+06,50000,20,0.625,Osteichthyes,Paralabrax clathratus,AC_mob,3D,127.5755,Osteichthyes,Brachyistius frenatus,1.209055,10,60,2.00E+00,1.20E+01,2.41811,14.50866,105.5167052,0.35412,0,0.17621,0.428150557,3.43E+00,0.02684845,0.11013125,9.11E-02,1.10E+01,8.61E-02,3.875208253,0.030375803,3.43,0.02688604
47,3,"Anderson, T.W. (2001) Predator responses, prey refuges, and density-dependent mortality of a marine fish. Ecology, 82, 245–257.",5.00E+06,50000,20,0.625,Osteichthyes,Paralabrax clathratus,AC_mob,3D,127.5755,Osteichthyes,Brachyistius frenatus,1.209055,10,60,2.00E+00,1.20E+01,2.41811,14.50866,105.5167052,0.309445,0,0.292281,0.374136024,2.99E+00,0.023461309,0.182675625,1.51E-01,6.62E+00,5.19E-02,2.673572705,0.020956788,2.99,0.023437102
48,3,"Anderson, T.W. (2001) Predator responses, prey refuges, and density-dependent mortality of a marine fish. Ecology, 82, 245–257.",5.00E+06,50000,20,0.625,Osteichthyes,Paralabrax clathratus,AC_mob,3D,127.5755,Osteichthyes,Brachyistius frenatus,1.209055,10,60,2.00E+00,1.20E+01,2.41811,14.50866,105.5167052,0.141793,0,0.149008,0.171435536,1.37E+00,0.010750374,0.09313,7.70E-02,1.30E+01,1.02E-01,11.4448914,0.089710731,1.37,0.010738739
49,3,"Anderson, T.W. (2001) Predator responses, prey refuges, and density-dependent mortality of a marine fish. Ecology, 82, 245–257.",5.00E+06,50000,20,0.625,Osteichthyes,Paralabrax clathratus,AC_mob,3D,127.5755,Osteichthyes,Brachyistius frenatus,1.209055,10,60,2.00E+00,1.20E+01,2.41811,14.50866,105.5167052,0.102547,0,0.204204,0.123984963,9.92E-01,0.007774845,0.1276275,1.06E-01,9.47E+00,7.43E-02,11.54752333,0.090515211,0.992,0.007775788
50,4,"Andresen, H. & van der Meer, J. (2010) Brown shrimp (Crangon crangon, L.) functional response to density of different sized juvenile bivalves Macoma balthica (L.). Journal of Experimental Marine Biology and Ecology, 390, 31–38.",4000,314,15,0.00625,Crustacea,Crangon crangon,AC_stat,2D,0.04021276,Mollusca,Macoma balthica,2.44E-05,2,305,63.69426752,9713.375796,0.00155414,0.237006369,1650.270156,0.4579753,0,0.0197353,1.12E-05,5.63E-05,0.001399277,0.000123346,5.06E+00,1.98E-01,4.92E+00,0.085975175,2.138007319,5.63E-05,0.001400053
51,4,"Andresen, H. & van der Meer, J. (2010) Brown shrimp (Crangon crangon, L.) functional response to density of different sized juvenile bivalves Macoma balthica (L.). Journal of Experimental Marine Biology and Ecology, 390, 31–38.",4000,314,15,0.00625,Crustacea,Crangon crangon,AC_stat,2D,0.04021276,Mollusca,Macoma balthica,2.44E-05,2,312,63.69426752,9936.305732,0.00155414,0.24244586,1650.270156,0.2815507,0,0.0200581,6.86E-06,3.45E-05,0.000857057,0.000125363,5.14E+00,1.95E-01,4.84E+00,0.137598661,3.421766151,3.45E-05,0.000857937
52,4,"Andresen, H. & van der Meer, J. (2010) Brown shrimp (Crangon crangon, L.) functional response to density of different sized juvenile bivalves Macoma balthica (L.). Journal of Experimental Marine Biology and Ecology, 390, 31–38.",4000,314,15,0.00625,Crustacea,Crangon crangon,AC_stat,2D,0.04021276,Mollusca,Macoma balthica,2.44E-05,4,312,127.388535,9936.305732,0.00310828,0.24244586,1650.270156,0.3536404,0,0.0432416,8.62E-06,4.33E-05,0.001076944,0.00027026,1.11E+01,9.03E-02,2.25E+00,0.050815541,1.26366707,4.33E-05,0.001076773
53,5,"Bullivant, J.S. (1968) The rate of feeding of the bryozoan, Zoobotryon verticillatum. New Zealand Journal of Marine and Freshwater Research, 2, 111–134.",200,200,24,0.125,Bryozoa,Zoobotryon verticillatum,F,3D,5.46E-05,unicell,Monochrysis lutheri,8.10E-11,4324,79693,2.16E+07,3.98E+08,0.00175122,0.032275665,673456.7901,0.01491839,0,0.01744841,1.21E-12,1.94E-15,3.55E-11,0.002181051,2.69E+07,3.71E-08,6.80E-04,0.001555884,28.49604686,1.94E-15,3.55E-11
54,5,"Bullivant, J.S. (1968) The rate of feeding of the bryozoan, Zoobotryon verticillatum. New Zealand Journal of Marine and Freshwater Research, 2, 111–134.",200,200,24,0.125,Bryozoa,Zoobotryon verticillatum,F,3D,5.46E-05,unicell,Cricosphaera carterae,1.03E-10,737,29039,3.69E+06,1.45E+08,0.000379555,0.014955085,529611.6505,3.3908,0,0.00059454,3.49E-10,5.58E-13,1.02E-08,7.43E-05,7.22E+05,1.39E-06,2.54E-02,0.000255461,4.678766084,5.58E-13,1.02E-08
55,5,"Bullivant, J.S. (1968) The rate of feeding of the bryozoan, Zoobotryon verticillatum. New Zealand Journal of Marine and Freshwater Research, 2, 111–134.",200,200,24,0.125,Bryozoa,Zoobotryon verticillatum,F,3D,5.46E-05,unicell,Dunaliella tertiolecta,2.57E-10,4368,87775,2.18E+07,4.39E+08,0.00561288,0.112790875,212256.8093,2.7957,0,0.00027609,7.18E-10,1.15E-12,2.10E-08,3.45E-05,1.34E+05,7.45E-06,1.36E-01,0.001664797,30.49078549,1.15E-12,2.11E-08
56,5,"Bullivant, J.S. (1968) The rate of feeding of the bryozoan, Zoobotryon verticillatum. New Zealand Journal of Marine and Freshwater Research, 2, 111–134.",200,200,24,0.125,Bryozoa,Zoobotryon verticillatum,F,3D,5.46E-05,unicell,Phaeodactylum tricornutum,7.96E-10,1787,19685,8.94E+06,9.84E+07,0.00711226,0.0783463,68530.15075,0.64651,0,0.00068841,5.15E-10,8.24E-13,1.51E-08,8.61E-05,1.08E+05,9.25E-06,1.69E-01,0.00894253,163.7825995,8.24E-13,1.51E-08
57,6,"Clausen, I. & Riisgaard, H.U. (1996) Growth, filtrartion and respiration in the mussel Mytilus edulis: no evidense for physiological regulation of the filter-pump to nutritional needs. Marine Ecology Progress Series, 141, 37–45.",14000,580.8784,15,0.2083333,Bivalvia,Mytilus edulis,F,3D,0.9860248,unicell,Rhodomonas sp.,1.25E-10,31822000,376614000,2.27E+09,2.69E+10,0.284125,3.362625,7901586849,11,0,1.42E-08,1.37E-09,9.21E-11,9.34E-11,2.96E-09,2.37E+01,4.23E-02,4.29E-02,0.057161204,0.057971365,9.21E-11,9.34E-11
58,7,"Crisp, D.J., Yule, A.B. & White, K.N. (1985) Feeding by oyster larvae: the functional response, energy budget and a comparison with mussel larvae. Journal of the Marine Biological Association of the United Kingdom, 65, 759–783.",0.001,NA,21,0.000694444,Bivalvia,Ostrea edulis,F,3D,4.39E-06,unicell,Pavlova lutheri,2.30E-11,12,248,1.20E+10,2.48E+11,0.276,5.704,190764.0435,0.2872185,0,0.0255433,6.61E-12,9.52E-18,2.17E-12,1.77E-05,7.71E+05,1.30E-06,2.95E-01,3.135004815,714124.1037,9.52E-18,2.17E-12
59,8,"Deblois, E.M. & Leggett, W.C. (1991) Functional response and potential impact of invertebrate predators on benthic fish eggs: analysis of the Calliopius laeviusculus-capelin ( Mallotus villosus ) predator-prey system *. Marine Ecology Progress Series, 69, 205–216.",1000,100,14.5,0.33,Crustacea,Calliopius laeviusculus,AC_stat,2D,0.0069748,eggs,Mallotus villosus,0.000838603,1,83,100,8300,0.0838603,6.9604049,8.317169539,0.6403778,0,0.0587595,0.000537022,1.63E-05,0.00233317,0.019390635,2.31E+01,4.32E-02,6.20E+00,2.228650937,319.5290097,1.63E-05,0.002336985
60,8,"Deblois, E.M. & Leggett, W.C. (1991) Functional response and potential impact of invertebrate predators on benthic fish eggs: analysis of the Calliopius laeviusculus-capelin ( Mallotus villosus ) predator-prey system *. Marine Ecology Progress Series, 69, 205–216.",1000,100,7.5,0.33,Crustacea,Calliopius laeviusculus,AC_stat,2D,0.06575713,eggs,Mallotus villosus,0.000838603,1,72,100,7200,0.0838603,6.0379416,78.41274282,1.290024,0,0.10237,0.001081817,3.28E-05,0.000498537,0.0337821,4.03E+01,2.48E-02,3.78E-01,0.635017828,9.65701861,3.28E-05,0.000498805
61,8,"Deblois, E.M. & Leggett, W.C. (1991) Functional response and potential impact of invertebrate predators on benthic fish eggs: analysis of the Calliopius laeviusculus-capelin ( Mallotus villosus ) predator-prey system *. Marine Ecology Progress Series, 69, 205–216.",1000,100,7.5,1,Crustacea,Calliopius laeviusculus,AC_stat,2D,0.1945564,eggs,Mallotus villosus,0.000838603,1,72,100,7200,0.0838603,6.0379416,232.0007117,1.1108157,0,0.0749184,0.000931533,9.32E-06,4.79E-05,0.0749184,8.93E+01,1.12E-02,5.75E-02,1.007687587,5.179411145,9.32E-06,4.79E-05
62,9,"Eggleston, D.B. (1990) Behavioural mechanisms underlying variable functional responses of blue crabs, Callinectes sapidus feeding on juvenile oysters, Crassostrea virginica. Journal of Animal Ecology, 59, 615–630.",72000,3300,13.5,1,Crustacea,Callinectes sapidus,AC_stat,2D,429.0357,Mollusca,Crassostrea virginica,3.485173,5,50,15.15151515,151.5151515,52.80565152,528.0565152,123.1031286,0.0114708,1,0.2256906,0.039977722,0.013192648,3.07E-05,0.2256906,6.48E-02,1.54E+01,3.60E-02,207.5662846,0.483797233,0.451209759,0.001051683
63,9,"Eggleston, D.B. (1990) Behavioural mechanisms underlying variable functional responses of blue crabs, Callinectes sapidus feeding on juvenile oysters, Crassostrea virginica. Journal of Animal Ecology, 59, 615–630.",72000,3300,19.5,1,Crustacea,Callinectes sapidus,AC_stat,2D,429.0357,Mollusca,Crassostrea virginica,3.485173,5,50,15.15151515,151.5151515,52.80565152,528.0565152,123.1031286,0.0542402,1.7859868,0.0751159,0.189036481,0.062382039,0.000145401,0.0751159,2.16E-02,4.64E+01,1.08E-01,76.13005043,0.177444559,4.317336749,0.010062885
64,9,"Eggleston, D.B. (1990) Behavioural mechanisms underlying variable functional responses of blue crabs, Callinectes sapidus feeding on juvenile oysters, Crassostrea virginica. Journal of Animal Ecology, 59, 615–630.",72000,3300,26.5,1,Crustacea,Callinectes sapidus,AC_stat,2D,429.0357,Mollusca,Crassostrea virginica,3.485173,5,50,15.15151515,151.5151515,52.80565152,528.0565152,123.1031286,0.082257,1,0.032939,0.286679875,0.094604359,0.000220505,0.032939,9.45E-03,1.06E+02,2.47E-01,202.8937937,0.472906552,3.164023274,0.007374732
65,10,"Eggleston, D.B., Lipcius, R.N. & Hines, A.H. (1992) Density-dependent predation by blue crabs upon infaunal clam species with contrasting distribution and abundance patterns. Marine Ecology Progress Series, 85, 55–68.",NA,2341.398,26,2,Crustacea,Callinectes sapidus,AC_stat,2D,429.0357,Mollusca,Macoma balthica,4.518124,1,24,4.270952653,102.5028637,19.29669368,463.1206484,94.95881476,0.6387159,1.2177425,0.0679367,2.885797637,0.337840041,0.00078744,0.1358734,3.01E-02,3.33E+01,7.75E-02,79.4119726,0.18509409,4.196595348,0.00978146
66,10,"Eggleston, D.B., Lipcius, R.N. & Hines, A.H. (1992) Density-dependent predation by blue crabs upon infaunal clam species with contrasting distribution and abundance patterns. Marine Ecology Progress Series, 85, 55–68.",NA,2341.398,26,2,Crustacea,Callinectes sapidus,AC_stat,2D,429.0357,Mollusca,Macoma balthica,4.518124,1,24,4.270952653,102.5028637,19.29669368,463.1206484,94.95881476,0.3989642,1.240802,0.0831659,1.802569727,0.211026658,0.000491863,0.1663318,3.68E-02,2.72E+01,6.33E-02,88.22026257,0.205624526,3.10890645,0.007246265
67,10,"Eggleston, D.B., Lipcius, R.N. & Hines, A.H. (1992) Density-dependent predation by blue crabs upon infaunal clam species with contrasting distribution and abundance patterns. Marine Ecology Progress Series, 85, 55–68.",NA,7420.316,26,2,Crustacea,Callinectes sapidus,AC_stat,2D,521.363,Mollusca,Macoma balthica,4.518124,2,8,2.695303003,10.78121201,12.17771319,48.71085275,115.3936899,0.504404,1,0.067103,2.278959818,0.8455301,0.001621769,0.134206,2.97E-02,3.37E+01,6.46E-02,33.09600063,0.063479765,5.335637444,0.010234016
68,11,"Foster-Smith, R.L. (1975) The effect of concentration of suspension on the filtration rates and pseudofaecal production for Mytilus edulis L., Cerastoderma edule (L.) and Venerupis pullastra (Montagu). Journal of Experimental Marine Biology and Ecology, 17, 1–22.",5000,NA,14,0.041666667,Bivalvia,Mytilus edulis,F,3D,1.485671,unicell,Isochrysis sp.,7.80E-11,162,2478,3.24E+04,4.96E+05,2.5272E-06,3.86568E-05,19058839044,0.62344,0,0.00023519,4.86E-11,5.83E-12,3.93E-12,9.80E-06,1.26E+05,7.96E-06,5.36E-06,0.000106393,7.16E-05,5.83E-12,3.92E-12
69,11,"Foster-Smith, R.L. (1975) The effect of concentration of suspension on the filtration rates and pseudofaecal production for Mytilus edulis L., Cerastoderma edule (L.) and Venerupis pullastra (Montagu). Journal of Experimental Marine Biology and Ecology, 17, 1–22.",5000,NA,14,0.041666667,Bivalvia,Mytilus edulis,F,3D,1.485671,unicell,Phaeodactylum tricornutum,1.28E-08,150,2673,3.00E+04,5.35E+05,0.000384,0.00684288,116340264.9,0.66488,0,0.00053762,8.49E-09,1.02E-09,6.86E-10,2.24E-05,1.75E+03,5.71E-04,3.85E-04,0.007161796,0.00482058,1.02E-09,6.87E-10
70,11,"Foster-Smith, R.L. (1975) The effect of concentration of suspension on the filtration rates and pseudofaecal production for Mytilus edulis L., Cerastoderma edule (L.) and Venerupis pullastra (Montagu). Journal of Experimental Marine Biology and Ecology, 17, 1–22.",5000,NA,14,0.041666667,Bivalvia,Cerastoderma edule,F,3D,1.402094,sediment,sediment,2.81E-09,162,2151,3.24E+04,4.30E+05,0.000091044,0.001208862,499648274,0.80477,0,0.00052662,2.26E-09,2.71E-10,1.93E-10,2.19E-05,7.81E+03,1.28E-04,9.13E-05,0.001326072,0.00094578,2.71E-10,1.93E-10
71,11,"Foster-Smith, R.L. (1975) The effect of concentration of suspension on the filtration rates and pseudofaecal production for Mytilus edulis L., Cerastoderma edule (L.) and Venerupis pullastra (Montagu). Journal of Experimental Marine Biology and Ecology, 17, 1–22.",5000,NA,14,0.041666667,Bivalvia,Cerastoderma edule,F,3D,1.402094,sediment,sediment,2.68E-10,147,2799,2.94E+04,5.60E+05,7.8792E-06,0.000150026,5230082072,0.44701,0,0.00010364,1.20E-10,1.44E-11,1.03E-11,4.32E-06,1.61E+04,6.21E-05,4.43E-05,0.001156966,0.00082517,1.44E-11,1.03E-11
72,11,"Foster-Smith, R.L. (1975) The effect of concentration of suspension on the filtration rates and pseudofaecal production for Mytilus edulis L., Cerastoderma edule (L.) and Venerupis pullastra (Montagu). Journal of Experimental Marine Biology and Ecology, 17, 1–22.",5000,NA,14,0.041666667,Bivalvia,Cerastoderma edule,F,3D,1.402094,unicell,Phaeodactylum tricornutum,1.28E-08,87,2412,1.74E+04,4.82E+05,0.00022272,0.00617472,109795498.1,1.2612,0,0.0043829,1.61E-08,1.93E-09,1.38E-09,0.000182621,1.43E+04,7.01E-05,5.00E-05,0.000463121,0.000330306,1.93E-09,1.38E-09
73,11,"Foster-Smith, R.L. (1975) The effect of concentration of suspension on the filtration rates and pseudofaecal production for Mytilus edulis L., Cerastoderma edule (L.) and Venerupis pullastra (Montagu). Journal of Experimental Marine Biology and Ecology, 17, 1–22.",5000,NA,14,0.041666667,Bivalvia,Venerupis pullastra ,F,3D,1.604383,unicell,Isochrysis sp.,7.80E-11,159,2283,3.18E+04,4.57E+05,2.4804E-06,3.56148E-05,571735701.6,0.013487,0.71744,0.0022324,3.78E-11,4.54E-12,2.83E-12,9.30E-05,1.19E+06,8.39E-07,5.23E-07,6.69E-06,4.17E-06,7.20E-10,4.49E-10
74,11,"Foster-Smith, R.L. (1975) The effect of concentration of suspension on the filtration rates and pseudofaecal production for Mytilus edulis L., Cerastoderma edule (L.) and Venerupis pullastra (Montagu). Journal of Experimental Marine Biology and Ecology, 17, 1–22.",5000,NA,14,0.041666667,Bivalvia,Venerupis pullastra ,F,3D,1.604383,unicell,Phaeodactylum tricornutum,1.28E-08,153,2391,3.06E+04,4.78E+05,0.00039168,0.00612096,125636391.4,1.4859,0,0.0056253,1.90E-08,2.28E-09,1.42E-09,0.000234388,1.83E+04,5.46E-05,3.40E-05,0.00030627,0.000190896,2.28E-09,1.42E-09
75,12,"Iribarne, O., Armstrong, D. & Fernbndez, M. (1995) Environmental impact of intertidal juvenile dungeness crab habitat enhancement?: effects on bivalves and crab foraging rate. Journal of Experimental Marine Biology and Ecology, 192, 173–194.",10000,1000,15,1,Crustacea,Cancer magister,AC_stat,2D,0.3458136,Mollusca,Macoma balthica,0.1046927,6,120,60,1200,6.281562,125.63124,3.303130018,0.380158,0,0.098425,0.039799767,0.003979977,0.011509023,0.098425,9.40E-01,1.06E+00,3.08E+00,27.97994411,80.91047926,0.003979977,0.011509024
76,12,"Iribarne, O., Armstrong, D. & Fernbndez, M. (1995) Environmental impact of intertidal juvenile dungeness crab habitat enhancement?: effects on bivalves and crab foraging rate. Journal of Experimental Marine Biology and Ecology, 192, 173–194.",10000,1000,15,1,Crustacea,Cancer magister,AC_stat,2D,2.004387,Mollusca,Macoma balthica,0.1046927,6,120,60,1200,6.281562,125.63124,19.1454323,0.1168168,0.5309456,0.0478434,0.012229866,0.001222987,0.000610155,0.0478434,4.57E-01,2.19E+00,1.09E+00,30.9985995,15.46537645,0.016423815,0.008193934
77,13,"Katz, C.H. (1985) A nonequilibrium marine predator-prey interaction. Ecology, 66, 1426–1438.",363,121,18.91,1.03,Gastropoda,Urosalpinx cinerea,AC_stat,2D,3.178208,Crustacea,Balanus balanoides,0.009033901,4,64,330.5785124,5289.256198,2.986413554,47.78261686,351.8090358,0.074378,1,0.286501,0.000671923,7.89E-06,2.48E-06,0.29509603,3.27E+01,3.06E-02,9.63E-03,5.114517129,1.609245565,4.91E-04,0.000154555
78,13,"Katz, C.H. (1985) A nonequilibrium marine predator-prey interaction. Ecology, 66, 1426–1438.",363,121,18.91,1.03,Gastropoda,Urosalpinx cinerea,AC_stat,2D,1.85999,Crustacea,Balanus balanoides,0.009033901,4,64,330.5785124,5289.256198,2.986413554,47.78261686,205.8900136,0.148032,1,0.350909,0.001337306,1.57E-05,8.45E-06,0.36143627,4.00E+01,2.50E-02,1.34E-02,3.275781303,1.761182212,6.26E-04,0.000336829
79,13,"Katz, C.H. (1985) A nonequilibrium marine predator-prey interaction. Ecology, 66, 1426–1438.",363,121,18.91,1.03,Gastropoda,Urosalpinx cinerea,AC_stat,2D,0.9755213,Crustacea,Balanus balanoides,0.009033901,4,64,330.5785124,5289.256198,2.986413554,47.78261686,107.9845019,0.200224,0,0.13478,0.001808804,2.12E-05,2.18E-05,0.1388234,1.54E+01,6.51E-02,6.67E-02,27.66612732,28.36035187,2.12E-05,2.17E-05
80,14,"Lindahl, U. & Baden, S.P. (1997) Type three functional response in filter feeding of the burrowing shrimp Upogebia deltaura (Leach). Ophelia, 47, 33–41.",9100,NA,14,0.08333333,Crustacea,Upogebia deltaura,F,3D,2,Crustacea,Artemia salina,3.51E-05,9,1281,9.89E+02,1.41E+05,0.034714286,4.941,56922.72882,0.03909319,0.74448781,0.00107219,1.37E-06,1.50E-07,7.48E-08,8.93E-05,2.55E+00,3.93E-01,1.96E-01,1.246438988,0.623219494,8.22E-05,4.11E-05
81,15,"Linton, D.L. & Taghon, G.L. (2000) Feeding, growth, and fecundity of Capitella sp. 1 in relation to sediment organic concentration. Marine Ecology Progress Series, 205: 229-240. Journal of Experimental Marine Biology and Ecology, 254, 85–107.",500,500,15,1,Polychaeta,Abarenicola pacifica,D,2D,0.4261364,sediment,sediment organics,0.001,1251,3122,25020,62440,25.02,62.44,426.1364,0.00512855,0,0,5.13E-06,2.57E-07,6.02E-07,0,0.00E+00,,,,,2.57E-07,6.02E-07
82,16,"Lipcius, R.N. & Hines, A.H. (1986) Variable functional responses of a marine predator in dissimilar homogeneous microhabitats. Ecology, 67, 1361–1371.",90000,3600,25,3,Crustacea,Callinectes sapidus,AC_stat,2D,312.1087,Mollusca,Mya arenaria,4.864683,2,32,5.555555556,88.88888889,27.02601667,432.4162667,64.15807566,0.020937,2.075479,0.224194,0.101851868,0.012222224,3.92E-05,0.672582,1.38E-01,7.23E+00,2.32E-02,77.24268834,0.247486495,0.908829222,0.0029119
83,16,"Lipcius, R.N. & Hines, A.H. (1986) Variable functional responses of a marine predator in dissimilar homogeneous microhabitats. Ecology, 67, 1361–1371.",90000,3600,25,3,Crustacea,Callinectes sapidus,AC_stat,2D,312.1087,Mollusca,Mya arenaria,4.864683,2,32,5.555555556,88.88888889,27.02601667,432.4162667,64.15807566,1.139905,1,0.168082,5.545276475,0.665433177,0.002132056,0.504246,1.04E-01,9.65E+00,3.09E-02,30.87145593,0.098912513,2.529505077,0.008104564
84,17,"Murdoch, W.W. (1969) Switching in general predators: experiments on predator specificity and stability of prey populations. Ecological Monographs, 39, 335–354.",924,132,14,21,Gastropoda,Acanthina spirata,AC_stat,2D,4.476373,Mollusca,Mytilus edulis,0.470106,10,50,757.5757576,3787.878788,356.1409091,1780.704545,9.522050346,0.471506,0,0.219282,0.2216578,0.000139328,3.11E-05,4.604922,9.80E+00,1.02E-01,2.28E-02,344.4543358,76.94942664,0.000139328,3.11E-05
85,17,"Murdoch, W.W. (1969) Switching in general predators: experiments on predator specificity and stability of prey populations. Ecological Monographs, 39, 335–354.",924,132,14,21,Gastropoda,Thais emarginata,AC_stat,2D,4.476373,Mollusca,Mytilus edulis,0.470106,5,45,378.7878788,3409.090909,178.0704545,1602.634091,9.522050346,0.251297,0,0.164647,0.118136227,7.43E-05,1.66E-05,3.457587,7.35E+00,1.36E-01,3.04E-02,860.7573445,192.2890127,7.43E-05,1.66E-05
86,18,"Petersen, J.K. & Riisgard, H.U. (1992) Filtration capacity of the ascidian Ciona intestinalis and its grazing impact in a shallow fjord. Marine Ecology Progress Series, 88, 9–17.",1000,NA,15.4,0.04166667,Tunicata,Ciona intestinalis,F,3D,0.2177419,unicell,Rhodomonas sp.,1.13E-10,1208993,18988971,1.21E+09,1.90E+10,0.136616209,2.145753723,1925261095,0.82235,0,2.20E-16,9.30E-11,2.23E-12,1.03E-11,9.17E-18,8.11E-08,1.23E+07,5.66E+07,624595632,2868513740,2.23E-12,1.02E-11
87,18,"Petersen, J.K. & Riisgard, H.U. (1992) Filtration capacity of the ascidian Ciona intestinalis and its grazing impact in a shallow fjord. Marine Ecology Progress Series, 88, 9–17.",1000,NA,15.4,0.04166667,Tunicata,Ciona intestinalis,F,3D,2.741935,unicell,Rhodomonas sp.,1.13E-10,1675880,25584214,1.68E+09,2.56E+10,0.18937444,2.891016182,24244028271,0.30222,0,1.66E-07,3.42E-11,8.21E-13,2.99E-13,6.92E-09,6.12E+01,1.63E-02,5.96E-03,2.252407577,0.821466438,8.21E-13,2.99E-13
88,19,"Petersen, J.K., Schou, O. & Thor, P. (1995) Growth and energetics in ascidian Ciona intestinalis. Marine Ecology Progress Series, 120, 175–184.",5000,314.1593,10,0.04166667,Tunicata,Ciona intestinalis,F,3D,1.898387,unicell,Rhodomonas sp.,1.13E-10,4718292,37849648,9.44E+08,7.57E+09,0.106633399,0.855402045,16785426386,1.004,0,1.07E-07,1.14E-10,1.37E-11,7.21E-12,4.46E-09,3.95E+01,2.53E-02,1.34E-02,0.210373634,0.110817043,1.37E-11,7.22E-12
89,19,"Petersen, J.K., Schou, O. & Thor, P. (1995) Growth and energetics in ascidian Ciona intestinalis. Marine Ecology Progress Series, 120, 175–184.",5000,314.1593,10,0.04166667,Tunicata,Ciona intestinalis,F,3D,0.7814516,unicell,Rhodomonas sp.,1.13E-10,2515475,41068314,5.03E+08,8.21E+09,0.056849735,0.928143896,6909549163,2,0,3.20E-07,2.26E-10,2.71E-11,3.47E-11,1.33E-08,1.18E+02,8.47E-03,1.08E-02,0.035312591,0.045188456,2.71E-11,3.47E-11
90,20,"Robbins, I.J. (1983) The effects of body size, temperature, and suspension density on the filtration and ingestion of inorganic particulate suspensions by ascidians. Journal of Experimental Marine Biology and Ecology, 70, 65–78.",3000,NA,15,0.041666667,Tunicata,Ciona intestinalis,F,3D,2.796774,sediment,sediment,1.09E-08,34,254,1.13E+04,8.47E+04,0.000123533,0.000922867,256838822.3,0.05868839,1,0.01735212,6.39E-10,4.60E-11,1.65E-11,0.000723005,6.63E+04,1.51E-05,5.39E-06,0.000113855,4.07E-05,2.63E-08,9.42E-09
91,20,"Robbins, I.J. (1983) The effects of body size, temperature, and suspension density on the filtration and ingestion of inorganic particulate suspensions by ascidians. Journal of Experimental Marine Biology and Ecology, 70, 65–78.",3000,NA,15,0.041666667,Tunicata,Ascidiella scabra,F,3D,3.55483871,sediment,sediment,1.09E-08,25,522,8.33E+03,1.74E+05,9.08333E-05,0.0018966,326454903.9,0.4841598,0,0.0458325,5.27E-09,3.79E-10,1.07E-10,0.001909688,1.75E+05,5.71E-06,1.61E-06,0.000163736,4.61E-05,3.79E-10,1.07E-10
92,20,"Robbins, I.J. (1983) The effects of body size, temperature, and suspension density on the filtration and ingestion of inorganic particulate suspensions by ascidians. Journal of Experimental Marine Biology and Ecology, 70, 65–78.",3000,NA,15,0.041666667,Tunicata,Ascidiella scabra,F,3D,0.517741935,sediment,sediment,1.09E-08,15,327,5.00E+03,1.09E+05,0.0000545,0.0011881,47546290.46,0.0122878,1,0.1572212,1.34E-10,9.65E-12,1.86E-11,0.006550883,6.01E+05,1.66E-06,3.21E-06,8.27E-05,0.000159661,4.01E-09,7.74E-09
93,20,"Robbins, I.J. (1983) The effects of body size, temperature, and suspension density on the filtration and ingestion of inorganic particulate suspensions by ascidians. Journal of Experimental Marine Biology and Ecology, 70, 65–78.",3000,NA,15,0.041666667,Tunicata,Ciona intestinalis,F,3D,3.05483871,sediment,sediment,4.77E-08,5,136,1.67E+03,4.53E+04,0.0000795,0.0021624,64025373.63,6.7502343,0,0.0982125,3.22E-07,2.32E-08,7.59E-09,0.004092188,8.58E+04,1.17E-05,3.82E-06,2.40E-05,7.85E-06,2.32E-08,7.59E-09
94,20,"Robbins, I.J. (1983) The effects of body size, temperature, and suspension density on the filtration and ingestion of inorganic particulate suspensions by ascidians. Journal of Experimental Marine Biology and Ecology, 70, 65–78.",3000,NA,15,0.041666667,Tunicata,Ascidiella scabra,F,3D,3.769354839,sediment,sediment,4.77E-08,15,171,5.00E+03,5.70E+04,0.0002385,0.0027189,79000685.41,0.576617,0,0.174431,2.75E-08,1.98E-09,5.25E-10,0.007267958,1.52E+05,6.56E-06,1.74E-06,0.000158083,4.19E-05,1.98E-09,5.25E-10
95,20,"Robbins, I.J. (1983) The effects of body size, temperature, and suspension density on the filtration and ingestion of inorganic particulate suspensions by ascidians. Journal of Experimental Marine Biology and Ecology, 70, 65–78.",3000,NA,15,0.041666667,Tunicata,Ascidiella scabra,F,3D,0.517741935,sediment,sediment,4.77E-08,6,132,2.00E+03,4.40E+04,0.0000954,0.0020988,10851185.29,0.3032,0,0.53308,1.45E-08,1.04E-09,2.02E-09,0.022211667,4.66E+05,2.15E-06,4.15E-06,9.84E-05,0.000190004,1.04E-09,2.01E-09
96,20,"Robbins, I.J. (1983) The effects of body size, temperature, and suspension density on the filtration and ingestion of inorganic particulate suspensions by ascidians. Journal of Experimental Marine Biology and Ecology, 70, 65–78.",3000,NA,15,0.041666667,Tunicata,Ciona intestinalis,F,3D,3.05483871,sediment,sediment,1.80E-08,5,112,1.67E+03,3.73E+04,0.00003,0.000672,169957204.8,0.280416,1,0.0716259,5.04E-09,3.63E-10,1.19E-10,0.002984413,1.66E+05,6.03E-06,1.97E-06,4.23E-05,1.39E-05,4.68E-08,1.53E-08
97,20,"Robbins, I.J. (1983) The effects of body size, temperature, and suspension density on the filtration and ingestion of inorganic particulate suspensions by ascidians. Journal of Experimental Marine Biology and Ecology, 70, 65–78.",3000,NA,15,0.041666667,Tunicata,Ascidiella scabra,F,3D,3.769354839,sediment,sediment,1.80E-08,6,129,2.00E+03,4.30E+04,0.000036,0.000774,209709602.8,0.390267,0,0.081846,7.01E-09,5.05E-10,1.34E-10,0.00341025,1.89E+05,5.28E-06,1.40E-06,0.000187842,4.98E-05,5.05E-10,1.34E-10
98,20,"Robbins, I.J. (1983) The effects of body size, temperature, and suspension density on the filtration and ingestion of inorganic particulate suspensions by ascidians. Journal of Experimental Marine Biology and Ecology, 70, 65–78.",3000,NA,15,0.041666667,Tunicata,Ascidiella scabra,F,3D,0.474193548,sediment,sediment,1.80E-08,7,99,2.33E+03,3.30E+04,0.000042,0.000594,26381952.6,0.514368,0,0.468618,9.25E-09,6.66E-10,1.40E-09,0.01952575,1.08E+06,9.22E-07,1.94E-06,2.49E-05,5.25E-05,6.66E-10,1.40E-09
99,20,"Robbins, I.J. (1983) The effects of body size, temperature, and suspension density on the filtration and ingestion of inorganic particulate suspensions by ascidians. Journal of Experimental Marine Biology and Ecology, 70, 65–78.",3000,NA,15,0.041666667,Tunicata,Ciona intestinalis,F,3D,0.09516129,sediment,sediment,1.09E-08,20,318,6.67E+03,1.06E+05,7.26667E-05,0.0011554,8739037.81,0.0627736,1,0.0295955,6.84E-10,4.92E-11,5.18E-10,0.001233146,1.13E+05,8.84E-06,9.29E-05,8.43E-05,0.000885816,2.09E-08,2.19E-07
100,20,"Robbins, I.J. (1983) The effects of body size, temperature, and suspension density on the filtration and ingestion of inorganic particulate suspensions by ascidians. Journal of Experimental Marine Biology and Ecology, 70, 65–78.",3000,NA,15,0.041666667,Tunicata,Ciona intestinalis,F,3D,1.087096774,sediment,sediment,1.09E-08,12,386,4.00E+03,1.29E+05,0.0000436,0.001402467,99832398.03,0.24735,0,0.11949,2.69E-09,1.94E-10,1.78E-10,0.00497875,4.57E+05,2.19E-06,2.01E-06,0.000122931,0.000113082,1.94E-10,1.78E-10
101,20,"Robbins, I.J. (1983) The effects of body size, temperature, and suspension density on the filtration and ingestion of inorganic particulate suspensions by ascidians. Journal of Experimental Marine Biology and Ecology, 70, 65–78.",3000,NA,15,0.041666667,Tunicata,Ciona intestinalis,F,3D,5.661290323,sediment,sediment,1.09E-08,22,439,7.33E+03,1.46E+05,7.99333E-05,0.001595033,519898690,0.127388,0,0.206441,1.39E-09,1.00E-10,1.77E-11,0.008601708,7.89E+05,1.27E-06,2.24E-07,0.00013816,2.44E-05,1.00E-10,1.77E-11
102,20,"Robbins, I.J. (1983) The effects of body size, temperature, and suspension density on the filtration and ingestion of inorganic particulate suspensions by ascidians. Journal of Experimental Marine Biology and Ecology, 70, 65–78.",3000,NA,5,0.041666667,Tunicata,Ciona intestinalis,F,3D,1.822580645,sediment,sediment,1.09E-08,22,312,7.33E+03,1.04E+05,7.99333E-05,0.0011336,167374791.9,0.0364429,1,0.1153961,3.97E-10,2.86E-11,1.57E-11,0.004808171,4.41E+05,2.27E-06,1.24E-06,5.60E-05,3.07E-05,8.05E-09,4.42E-09
103,20,"Robbins, I.J. (1983) The effects of body size, temperature, and suspension density on the filtration and ingestion of inorganic particulate suspensions by ascidians. Journal of Experimental Marine Biology and Ecology, 70, 65–78.",3000,NA,10,0.041666667,Tunicata,Ciona intestinalis,F,3D,1.822580645,sediment,sediment,1.09E-08,11,349,3.67E+03,1.16E+05,3.99667E-05,0.001268033,167374791.9,0.0101975,1,0.1055623,1.11E-10,7.99E-12,4.38E-12,0.004398429,4.04E+05,2.48E-06,1.36E-06,0.00011074,6.08E-05,4.45E-09,2.44E-09
104,20,"Robbins, I.J. (1983) The effects of body size, temperature, and suspension density on the filtration and ingestion of inorganic particulate suspensions by ascidians. Journal of Experimental Marine Biology and Ecology, 70, 65–78.",3000,NA,15,0.041666667,Tunicata,Ciona intestinalis,F,3D,1.822580645,sediment,sediment,1.09E-08,13,327,4.33E+03,1.09E+05,4.72333E-05,0.0011881,167374791.9,0.106449,0,0.049471,1.16E-09,8.35E-11,4.58E-11,0.002061292,1.89E+05,5.29E-06,2.90E-06,0.000689943,0.000378553,8.35E-11,4.58E-11
105,21,"Sommer, U. (1999) The susceptibility of benthic microalgae to periwinkle (Littorina littorea, Gastropoda) grazing in laboratory experiments. Aquatic Botany, 63, 11–21.",250,56.745,14,1,Gastropoda,Littorina littorea,G,2D,1.741241,unicell,periphyton spp.,1.00E-04,31,2818,5463.036391,496607.6306,0.546303639,49.66076306,17412.41,3.0778,0,0.0038108,0.00030778,1.75E-06,1.00E-06,0.0038108,3.81E+01,2.62E-02,1.51E-02,1.50250473,0.862893034,1.75E-06,1.01E-06
106,21,"Taghon, G.L. & Greene, R.R. (1990) Effects of sediment-protein concentration on feeding and growth rates of Abarenicola pacifica Healy et Wells (Polychaeta: Arenicolidae). Journal of Experimental Marine Biology and Ecology, 136, 197–216.",729,83,12,10,Polychaeta,Abarenicola pacifica,D,2D,0.09431818,sediment,sediment organics,1,23,68,2771.084337,8192.771084,2771.084337,8192.771084,0.09431818,0.257044,0,0.065229,0.257044,0.000213347,0.002261987,0.65229,6.52E-01,1.53E+00,1.63E+01,7185.776682,76186.54942,0.000213347,0.002261992
107,21,"Taghon, G.L. & Greene, R.R. (1990) Effects of sediment-protein concentration on feeding and growth rates of Abarenicola pacifica Healy et Wells (Polychaeta: Arenicolidae). Journal of Experimental Marine Biology and Ecology, 136, 197–216.",729,83,12,10,Polychaeta,Abarenicola pacifica,D,2D,0.09431818,sediment,sediment organics,1,11,232,1325.301205,27951.80723,1325.301205,27951.80723,0.09431818,0.00283924,1,0.1269074,0.00283924,2.36E-06,2.50E-05,1.269074,1.27E+00,7.88E-01,8.35E+00,6347.12983,67294.87179,0.001363183,0.014453024
108,21,"Taghon, G.L. & Greene, R.R. (1990) Effects of sediment-protein concentration on feeding and growth rates of Abarenicola pacifica Healy et Wells (Polychaeta: Arenicolidae). Journal of Experimental Marine Biology and Ecology, 136, 197–216.",729,83,12,10,Polychaeta,Abarenicola pacifica,D,2D,0.09431818,sediment,sediment organics,1,4,247,481.9277108,29759.03614,481.9277108,29759.03614,0.09431818,0.0035461,1,0.2367991,0.0035461,2.94E-06,3.12E-05,2.367991,2.37E+00,4.22E-01,4.48E+00,4157.731067,44081.96879,1.11E-03,0.011808754
109,22,"Tahil, A.S. & Juinio-Menez, M.A. (1999) Natural diet, feeding periodicity and functional response to food density of the abalone, Haliotis asinina L., (Gastropoda). Aquaculture Research, 30, 95–107.",75600,2160,27,1,Gastropoda,Haliotis asinina,G,2D,8.24,macroalgae,macroalgae (unspecified),0.0824,830,3307,1.10E+02,4.37E+02,9.046560847,36.04455026,100,6.1762,0,0.00036465,0.50891888,3.85E-02,0.004669207,0.00036465,4.43E-03,2.26E+02,2.74E+01,483.9581939,58.73279052,0.0385,0.00467233
110,23,"Taylor, D.L. & Collie, J.S. (2003) Effect of temperature on the functional response and foraging behavior of the sand shrimp Crangon septemspinosa preying on juvenile winter flounder Pseudopleuronectes americanus. Marine Ecology Progress Series, 263, 217–234.",69400,2231.23,10,1,Crustacea,Crangon septemspinosa,AC_mob,2D,1.207368,Osteichthyes,Pseudopleuronectes americanus,0.03531799,1,20,4.48183289,89.63665781,0.158289329,3.165786584,34.1856374,0.018494,2.60776,0.274703,0.000653171,0.000145737,0.000120707,0.274703,7.78E+00,1.29E-01,1.06E-01,0.684435548,0.566882299,0.019615507,0.016246502
111,23,"Taylor, D.L. & Collie, J.S. (2003) Effect of temperature on the functional response and foraging behavior of the sand shrimp Crangon septemspinosa preying on juvenile winter flounder Pseudopleuronectes americanus. Marine Ecology Progress Series, 263, 217–234.",69400,2231.23,16,1,Crustacea,Crangon septemspinosa,AC_mob,2D,1.207368,Osteichthyes,Pseudopleuronectes americanus,0.03531799,1,20,4.48183289,89.63665781,0.158289329,3.165786584,34.1856374,2.13752,0,0.2239,0.07549291,0.016844205,0.013951177,0.2239,6.34E+00,1.58E-01,1.31E-01,0.330740484,0.273935109,0.016844205,0.013951177
112,24,"Toscano, B.J. & Griffen, B.D. (2014) Trait-mediated functional responses: predator behavioural type mediates prey consumption. Journal of Animal Ecology, 83, 1469–1477.",42000,1400,30.15,1,Crustacea,Panopeus herbstii,AC_stat,2D,31.10486,Mollusca,Brachidontes exustus,31.97691,2,36,14.28571429,257.1428571,456.813,8222.634,0.97272876,1.226217,0,0.174959,39.21063065,5.489488291,0.176483298,0.174959,5.47E-03,1.83E+02,5.88E+00,1064.645048,34.22761099,5.489488291,0.176483298
113,24,"Toscano, B.J. & Griffen, B.D. (2014) Trait-mediated functional responses: predator behavioural type mediates prey consumption. Journal of Animal Ecology, 83, 1469–1477.",42000,1400,30.22,1,Crustacea,Panopeus herbstii,AC_stat,2D,31.97691,Mollusca,Brachidontes exustus,0.2050661,2,36,14.28571429,257.1428571,2.929515714,52.73128286,155.9346474,0.4756085,1,0.1547854,0.09753118,0.013654365,0.000427007,0.1547854,7.55E-01,1.32E+00,4.14E-02,5.39853642,0.168826082,0.134481418,0.004205579
114,24,"Toscano, B.J. & Griffen, B.D. (2014) Trait-mediated functional responses: predator behavioural type mediates prey consumption. Journal of Animal Ecology, 83, 1469–1477.",42000,1400,28.1,1,Crustacea,Panopeus herbstii,AC_stat,2D,59.04887,Mollusca,Brachidontes exustus,0.2050661,2,36,14.28571429,257.1428571,2.929515714,52.73128286,287.9504218,1.3962787,0,0.1016203,0.286329428,0.04008612,0.000678863,0.1016203,4.96E-01,2.02E+00,3.42E-02,10.32317407,0.174824244,0.04008612,0.000678863
115,24,"Toscano, B.J. & Griffen, B.D. (2014) Trait-mediated functional responses: predator behavioural type mediates prey consumption. Journal of Animal Ecology, 83, 1469–1477.",42000,1400,27.45,1,Crustacea,Panopeus herbstii,AC_stat,2D,56.712,Mollusca,Brachidontes exustus,0.2050661,2,36,14.28571429,257.1428571,2.929515714,52.73128286,276.5547304,2.266902,0,0.1118742,0.464864752,0.065081065,0.001147571,0.1118742,5.46E-01,1.83E+00,3.23E-02,5.775680328,0.101842297,0.065081065,0.001147571
116,25,"Vince, S., Valiela, I., Backus, N. & Teal, J.M. (1976) Predation by the salt marsh killifish Fundulus heteroclitus (L.) in relation to prey size and habitat structure: Consequences for prey distribution and abundance. Journal of Experimental Marine Biology and Ecology, 23, 255–266.",60000,10000,21,0.08333333,Osteichthyes,Fundulus heteroclitus ,AC_mob,2D,0.6215655,Crustacea,Orchestia grillus ,0.003,8,64,8,64,0.024,0.192,207.1885,0.0325594,1,0.0298537,9.77E-05,0.0011724,0.001886205,0.002487808,8.29E-01,1.21E+00,1.94E+00,0.096224131,0.154809317,0.037606303,0.060502558
117,25,"Vince, S., Valiela, I., Backus, N. & Teal, J.M. (1976) Predation by the salt marsh killifish Fundulus heteroclitus (L.) in relation to prey size and habitat structure: Consequences for prey distribution and abundance. Journal of Experimental Marine Biology and Ecology, 23, 255–266.",60000,10000,21,0.08333333,Osteichthyes,Fundulus heteroclitus ,AC_mob,2D,0.6215655,Crustacea,Orchestia grillus ,0.03,8,64,8,64,0.24,1.92,20.71885,0.063809,1,0.078605,0.00191427,0.022971241,0.036957072,0.006550416,2.18E-01,4.58E+00,7.37E+00,0.42359928,0.681503847,0.32461156,0.522248356
118,25,"Vince, S., Valiela, I., Backus, N. & Teal, J.M. (1976) Predation by the salt marsh killifish Fundulus heteroclitus (L.) in relation to prey size and habitat structure: Consequences for prey distribution and abundance. Journal of Experimental Marine Biology and Ecology, 23, 255–266.",60000,10000,21,0.08333333,Osteichthyes,Fundulus heteroclitus ,AC_mob,2D,0.6215655,Crustacea,Orchestia grillus ,0.003,4,32,4,32,0.012,0.096,207.1885,0.2024088,1,0.0315741,0.000607226,0.007286712,0.011723161,0.002631175,8.77E-01,1.14E+00,1.83E+00,0.037526759,0.060374585,0.091151959,0.146649
119,25,"Vince, S., Valiela, I., Backus, N. & Teal, J.M. (1976) Predation by the salt marsh killifish Fundulus heteroclitus (L.) in relation to prey size and habitat structure: Consequences for prey distribution and abundance. Journal of Experimental Marine Biology and Ecology, 23, 255–266.",60000,10000,21,0.08333333,Osteichthyes,Fundulus heteroclitus ,AC_mob,2D,0.6215655,Crustacea,Orchestia grillus ,0.03,4,32,4,32,0.12,0.96,20.71885,0.03892,1,0.085522,0.0011676,0.014011201,0.022541793,0.007126833,2.38E-01,4.21E+00,6.77E+00,0.519991107,0.836582961,0.242632629,0.390357297
120,26,"Wennhage, H. (2002) Vulnerability of newly settled plaice (Pleuronectes platessa L.) to predation: effects of habitat structure and predator functional response. Journal of Experimental Marine Biology and Ecology, 269, 129–145.",370000,10000,14.1,0.5,Crustacea,Crangon crangon,AC_mob,2D,0.2640589,Osteichthyes,Pleuronectes platessa,0.02180092,2,64,2,64,0.04360184,1.39525888,12.11228242,0.033758,1.4263103,0.0734208,0.000735955,0.00147191,0.005574173,0.0367104,1.68E+00,5.94E-01,2.25E+00,0.258495474,0.978931116,0.050153156,0.189931702
121,27,"Widdows, J., Fieth, P. & Worrall, C.M. (1979) Relationships between seston, available food and feeding activity in the common mussel Mytilus edulis. Marine Biology, 50, 195–207.",500,NA,12,0.08333333,Bivalvia,Mytilus edulis,F,3D,0.4672897,unicell,seston (unspecified),4.71E-10,7,265,1.40E+04,5.30E+05,0.000006594,0.00024963,993128918.1,1.85257579,0.21456197,0.01494436,8.72E-10,5.23E-12,1.12E-11,0.001245363,2.64E+06,3.78E-07,8.09E-07,1.81E-05,3.86E-05,3.78E-11,8.08E-11
122,27,"Widdows, J., Fieth, P. & Worrall, C.M. (1979) Relationships between seston, available food and feeding activity in the common mussel Mytilus edulis. Marine Biology, 50, 195–207.",500,NA,12,0.08333333,Bivalvia,Mytilus edulis,F,3D,1.635514,unicell,seston (unspecified),4.71E-10,8,344,1.60E+04,6.88E+05,0.000007536,0.000324048,3475951320,1.644012,0.873688,0.010463,7.74E-10,4.64E-12,2.84E-12,0.000871917,1.85E+06,5.40E-07,3.30E-07,8.24E-06,5.04E-06,1.07E-09,6.54E-10
123,27,"Widdows, J., Fieth, P. & Worrall, C.M. (1979) Relationships between seston, available food and feeding activity in the common mussel Mytilus edulis. Marine Biology, 50, 195–207.",500,NA,12,0.08333333,Bivalvia,Mytilus edulis,F,3D,3.504673,unicell,seston (unspecified),4.71E-10,4,331,8.00E+03,6.62E+05,0.000003768,0.000311802,7448467417,1.3711872,0.51687426,0.0063703,6.45E-10,3.87E-12,1.10E-12,0.000530858,1.13E+06,8.87E-07,2.53E-07,2.14E-05,6.12E-06,2.59E-10,7.40E-11
124,28,"Wilson, J.H. (1980) Particle retention and selection by larvae and spat of Ostrea edulis in algal suspensions. Marine Biology, 57, 135–145.",1,NA,26,0.08333333,Bivalvia,Ostrea edulis,F,3D,3.32E-06,unicell,Isochrysis galbana,2.76E-11,47458,413522,4.75E+10,4.14E+11,1.3098408,11.4132072,120310.6298,10,0,6.72E-05,2.76E-10,3.31E-15,9.98E-10,5.60E-06,2.03E+05,4.93E-06,1.48E+00,0.041071427,12370.91173,3.31E-15,9.97E-10
125,28,"Wilson, J.H. (1980) Particle retention and selection by larvae and spat of Ostrea edulis in algal suspensions. Marine Biology, 57, 135–145.",1,NA,26,0.08333333,Bivalvia,Ostrea edulis,F,3D,3.32E-06,unicell,Dunaliella tertiolecta,8.71E-11,25066,119760,2.51E+10,1.20E+11,2.1832486,10.431096,50663.75859,9.9995,0,0.00013078,8.71E-10,1.05E-14,3.15E-09,1.09E-05,1.25E+05,7.99E-06,2.41E+00,0.066603929,20061.42435,1.05E-14,3.16E-09
126,28,"Wilson, J.H. (1980) Particle retention and selection by larvae and spat of Ostrea edulis in algal suspensions. Marine Biology, 57, 135–145.",1,NA,26,0.08333333,Bivalvia,Ostrea edulis,F,3D,0.000262,unicell,Isochrysis galbana,2.76E-11,62046,406138,6.20E+10,4.06E+11,1.7124696,11.2094088,9488748.409,0.41105,0,0,1.13E-11,1.36E-16,5.18E-13,0,0.00E+00,,,,,1.36E-16,5.18E-13
127,28,"Wilson, J.H. (1980) Particle retention and selection by larvae and spat of Ostrea edulis in algal suspensions. Marine Biology, 57, 135–145.",1,NA,26,0.08333333,Bivalvia,Ostrea edulis,F,3D,0.000262,unicell,Dunaliella tertiolecta,8.71E-11,22475,215770,2.25E+10,2.16E+11,1.9575725,18.793567,3007561.952,9.9998,0,1.97E-05,8.71E-10,1.05E-14,3.99E-11,1.64E-06,1.88E+04,5.31E-05,2.03E-01,0.442139907,1687.556897,1.05E-14,4.01E-11
128,29,"Wong, M.C. & Barbeau, M.A. (2005) Prey selection and the functional response of sea stars (Asterias vulgaris Verrill) and rock crabs (Cancer irroratus Say) preying on juvenile sea scallops (Placopecten magellanicus (Gmelin)) and blue mussels (Mytilus edulis Linnaeus). Journal of Experimental Marine Biology and Ecology, 327, 1–21.",282743.2,11309.73,12.7,1,Crustacea,Cancer irroratus ,AC_stat,2D,193.4347,Mollusca,Placopecten magellanicus ,5.586388,2,50,1.768388812,44.2097203,9.878906039,246.972651,34.62607681,0.854829,0,0.079483,4.775406468,5.400855779,0.027920822,0.079483,1.42E-02,7.03E+01,3.63E-01,72.69848513,0.375829596,5.400855779,0.027920822
129,30,"Wong, M.C., Barbeau, M.A., Dowd, M. & Richard, K.R. (2006) Behavioural mechanisms underlying functional response of sea stars Asterias vulgaris preying on juvenile sea scallops Placopecten magellanicus. Marine Ecology Progress Series, 317, 75–86.",NA,1800,11.23,1,Echinodermata,Asterias vulgaris ,AC_stat,2D,34.36049,Mollusca,Placopecten magellanicus ,0.8130735,1,112,5.555555556,622.2222222,4.517075,505.9124,42.26000478,0.010182,1,0.162884,0.008278714,0.001490169,4.34E-05,0.162884,2.00E-01,4.99E+00,1.45E-01,110.9178754,3.228064425,0.086318277,0.002512138
130,30,"Wong, M.C., Barbeau, M.A., Dowd, M. & Richard, K.R. (2006) Behavioural mechanisms underlying functional response of sea stars Asterias vulgaris preying on juvenile sea scallops Placopecten magellanicus. Marine Ecology Progress Series, 317, 75–86.",NA,1800,11.35,1,Echinodermata,Asterias vulgaris ,AC_stat,2D,32.89338,Mollusca,Placopecten magellanicus ,0.9324189,11,111,61.11111111,616.6666667,56.981155,574.991655,35.27747024,0.0105526,1,0.156463,0.009839444,0.0017711,5.38E-05,0.156463,1.68E-01,5.96E+00,1.81E-01,127.4832123,3.875649516,0.102675518,0.003121464
131,31,"Wong, M.C. & Barbeau, M.A. (2006) Rock crab predation of juvenile sea scallops: The functional response and its implications for bottom culture. Aquaculture International, 14, 355–376.",NA,10000,11.2,1,Crustacea,Cancer irroratus ,AC_stat,2D,208.268,Mollusca,Placopecten magellanicus ,2.724989,11,111,11,111,29.974879,302.473779,76.42893237,0.258308,0,0.320034,0.703886459,0.703886459,0.003379715,0.320034,1.17E-01,8.51E+00,4.09E-02,32.96330714,0.158273509,0.703886459,0.003379715
132,31,"Wong, M.C. & Barbeau, M.A. (2006) Rock crab predation of juvenile sea scallops: The functional response and its implications for bottom culture. Aquaculture International, 14, 355–376.",NA,10000,13.5,1,Crustacea,Cancer irroratus ,AC_stat,2D,208.268,Mollusca,Placopecten magellanicus ,2.724989,10,111,10,111,27.24989,302.473779,76.42893237,0.264104,0,0.360812,0.719680495,0.719680495,0.00345555,0.360812,1.32E-01,7.55E+00,3.63E-02,28.59623133,0.137304969,0.719680495,0.00345555
133,32,"Alexander, M.E., Dick, J.T.A., O’Connor, N.E., Haddaway, N.R. & Farnsworth, K.D. (2012) Functional responses of the intertidal amphipod Echinogammarus marinus: Effects of prey supply, model selection and habitat complexity. Marine Ecology Progress Series, 468, 191–202.",250,44.17865,12,0.5,Crustacea,Enchinogammarus marinus,AC_mob,2D,0.036,Crustacea,Jaera nordmanni ,0.00057,2,20,452.7073598,4527.073598,0.258043195,2.580431951,63.15789474,3.20991,0,0.09912,0.001829649,1.62E-05,0.000449063,0.04956,8.69E+01,1.15E-02,3.19E-01,0.405516254,11.26434038,1.62E-05,0.00045
134,32,"Alexander, M.E., Dick, J.T.A., O’Connor, N.E., Haddaway, N.R. & Farnsworth, K.D. (2012) Functional responses of the intertidal amphipod Echinogammarus marinus: Effects of prey supply, model selection and habitat complexity. Marine Ecology Progress Series, 468, 191–202.",250,44.17865,12,0.5,Crustacea,Enchinogammarus marinus,AC_mob,2D,0.036,Crustacea,Jaera nordmanni ,0.00057,2,20,452.7073598,4527.073598,0.258043195,2.580431951,63.15789474,1.547942,0,0.063047,0.000882327,7.80E-06,0.000216556,0.0315235,5.53E+01,1.81E-02,5.02E-01,1.322036071,36.7232242,7.80E-06,0.000216667
135,32,"Alexander, M.E., Dick, J.T.A., O’Connor, N.E., Haddaway, N.R. & Farnsworth, K.D. (2012) Functional responses of the intertidal amphipod Echinogammarus marinus: Effects of prey supply, model selection and habitat complexity. Marine Ecology Progress Series, 468, 191–202.",250,44.17865,12,1.666667,Crustacea,Enchinogammarus marinus,AC_mob,2D,0.036,Crustacea,Jaera nordmanni ,0.00057,2,40,452.7073598,9054.147196,0.258043195,5.160863901,63.15789474,2.5721067,0,0.0737336,0.001466101,3.89E-06,0.000107951,0.122889358,2.16E+02,4.64E-03,1.29E-01,0.680311787,18.89754963,3.89E-06,0.000108056
136,32,"Alexander, M.E., Dick, J.T.A., O’Connor, N.E., Haddaway, N.R. & Farnsworth, K.D. (2012) Functional responses of the intertidal amphipod Echinogammarus marinus: Effects of prey supply, model selection and habitat complexity. Marine Ecology Progress Series, 468, 191–202.",250,44.17865,12,1.666667,Crustacea,Enchinogammarus marinus,AC_mob,2D,0.036,Crustacea,Jaera nordmanni ,0.00057,2,40,452.7073598,9054.147196,0.258043195,5.160863901,63.15789474,0.110669,0.6977,0.077297,6.31E-05,1.67E-07,4.65E-06,0.128828359,2.26E+02,4.42E-03,1.23E-01,2.131424436,59.20623432,1.10E-05,0.000304927
137,33,"Alexander, M.E., Dick, J.T.A. & O’Connor, N.E. (2013) Born to kill: Predatory functional responses of the littoral amphipod Echinogammarus marinus Leach throughout its life history. Journal of Experimental Marine Biology and Ecology, 439, 92–99.",2.6878293,2.986477,12,1,Crustacea,Enchinogammarus marinus,AC_mob,2D,0.001777852,Crustacea,Jaera nordmanni ,3.11E-05,2,40,6696.853852,133937.077,0.208272155,4.165443096,57.13077449,0.574661,0,0.307198,1.79E-05,5.35E-09,3.01E-06,0.307198,9.88E+03,1.01E-04,5.69E-02,0.589890098,331.7993278,5.35E-09,3.01E-06
138,33,"Alexander, M.E., Dick, J.T.A. & O’Connor, N.E. (2013) Born to kill: Predatory functional responses of the littoral amphipod Echinogammarus marinus Leach throughout its life history. Journal of Experimental Marine Biology and Ecology, 439, 92–99.",72.571383,26.87829,12,1,Crustacea,Enchinogammarus marinus,AC_mob,2D,0.01971474,Crustacea,Jaera nordmanni ,0.000579592,2,40,744.0949554,14881.89911,0.431271483,8.625429668,34.0148646,1.91105,0,0.162879,0.001107629,2.98E-06,0.00015101,0.162879,2.81E+02,3.56E-03,1.80E-01,0.692761275,35.13925493,2.98E-06,0.000151156
139,33,"Alexander, M.E., Dick, J.T.A. & O’Connor, N.E. (2013) Born to kill: Predatory functional responses of the littoral amphipod Echinogammarus marinus Leach throughout its life history. Journal of Experimental Marine Biology and Ecology, 439, 92–99.",335.978595,74.66191,12,1,Crustacea,Enchinogammarus marinus,AC_mob,2D,0.0603448,Crustacea,Jaera nordmanni ,0.002257791,2,40,267.8742079,5357.484158,0.604803976,12.09607951,26.72736316,0.693561,0,0.109379,0.001565916,1.17E-05,0.000193744,0.109379,4.84E+01,2.06E-02,3.42E-01,3.986263739,66.05811501,1.17E-05,0.000193886
140,33,"Alexander, M.E., Dick, J.T.A. & O’Connor, N.E. (2013) Born to kill: Predatory functional responses of the littoral amphipod Echinogammarus marinus Leach throughout its life history. Journal of Experimental Marine Biology and Ecology, 439, 92–99.",335.978595,74.66191,12,1,Crustacea,Enchinogammarus marinus,AC_mob,2D,0.0603448,Crustacea,Jaera nordmanni ,3.11E-05,2,40,267.8742079,5357.484158,0.008330888,0.166617757,1939.163193,0.037072,0,0.503226,1.15E-06,8.59E-09,1.42E-07,0.503226,1.62E+04,6.18E-05,1.02E-03,0.223281224,3.700090554,8.59E-09,1.42E-07
141,33,"Alexander, M.E., Dick, J.T.A. & O’Connor, N.E. (2013) Born to kill: Predatory functional responses of the littoral amphipod Echinogammarus marinus Leach throughout its life history. Journal of Experimental Marine Biology and Ecology, 439, 92–99.",335.978595,74.66191,12,1,Crustacea,Enchinogammarus marinus,AC_mob,2D,0.0603448,Crustacea,Jaera nordmanni ,3.11E-05,2,40,267.8742079,5357.484158,0.008330888,0.166617757,1939.163193,1.2282286,0,0.0555402,3.82E-05,2.85E-07,4.73E-06,0.0555402,1.79E+03,5.60E-04,9.28E-03,0.061062509,1.011893475,2.85E-07,4.72E-06
142,34,"Alexander, M.E., Dick, J.T.A. & O’Connor, N.E. (2013) Trait-mediated indirect interactions in a marine intertidal system as quantified by functional responses. Oikos, 122, 1521–1531.",250,44.17865,12,1,Crustacea,Enchinogammarus marinus,AC_mob,2D,0.03372316,Crustacea,Jaera nordmanni ,0.000646125,2,40,452.7073598,9054.147196,0.292505543,5.850110857,52.19296712,0.016292,1,0.888789,1.05E-05,4.64E-08,1.38E-06,0.888789,1.38E+03,7.27E-04,2.16E-02,1.215395344,36.04037534,5.80E-06,0.000171946
143,34,"Alexander, M.E., Dick, J.T.A. & O’Connor, N.E. (2013) Trait-mediated indirect interactions in a marine intertidal system as quantified by functional responses. Oikos, 122, 1521–1531.",250,44.17865,12,1,Crustacea,Enchinogammarus marinus,AC_mob,2D,0.03372316,Crustacea,Jaera nordmanni ,0.000646125,2,40,452.7073598,9054.147196,0.292505543,5.850110857,52.19296712,0.02713,1,0.390996,1.75E-05,7.73E-08,2.29E-06,0.390996,6.05E+02,1.65E-03,4.90E-02,1.420015387,42.10801678,1.13E-05,0.000335184
144,34,"Alexander, M.E., Dick, J.T.A. & O’Connor, N.E. (2013) Trait-mediated indirect interactions in a marine intertidal system as quantified by functional responses. Oikos, 122, 1521–1531.",250,44.17865,12,1,Crustacea,Enchinogammarus marinus,AC_mob,2D,0.03372316,Crustacea,Jaera nordmanni ,0.000646125,2,40,452.7073598,9054.147196,0.292505543,5.850110857,52.19296712,0.513333,1,0.128779,0.000331677,1.47E-06,4.35E-05,0.128779,1.99E+02,5.02E-03,1.49E-01,0.568829339,16.86761676,8.59E-05,0.002548613
145,34,"Alexander, M.E., Dick, J.T.A. & O’Connor, N.E. (2013) Trait-mediated indirect interactions in a marine intertidal system as quantified by functional responses. Oikos, 122, 1521–1531.",250,44.17865,12,1,Crustacea,Enchinogammarus marinus,AC_mob,2D,0.03372316,Crustacea,Jaera nordmanni ,0.000646125,2,40,452.7073598,9054.147196,0.292505543,5.850110857,52.19296712,3.972984,0,0.172316,0.002567043,1.13E-05,0.000336293,0.172316,2.67E+02,3.75E-03,1.11E-01,0.213629726,6.334807477,1.13E-05,0.000335081
146,35,"Alexander, M.E., Raven, H.J. & Robinson, T.B. (2015) Foraging decisions of a native whelk, Trochia cingulata Linnaeus, and the effects of invasive mussels on prey choice. Journal of Experimental Marine Biology and Ecology, 470, 26–33.",500,78.53982,15,40,Crustacea,Trochia cingulata,AC_stat,2D,1.741241,Mollusca,Mytilus galloprovincialis,0.470106,1,6,127.3239485,763.9436912,59.85575215,359.1345129,3.70393273,0.9219,0,1.0405,0.433390721,8.51E-05,4.89E-05,41.62,8.85E+01,1.13E-02,6.49E-03,62.39933955,35.83613041,8.51E-05,4.89E-05
147,35,"Alexander, M.E., Raven, H.J. & Robinson, T.B. (2015) Foraging decisions of a native whelk, Trochia cingulata Linnaeus, and the effects of invasive mussels on prey choice. Journal of Experimental Marine Biology and Ecology, 470, 26–33.",500,78.53982,14,40,Crustacea,Trochia cingulata,AC_stat,2D,1.741241,Mollusca,Semimytilus algosus,0.470106,1,6,127.3239485,763.9436912,59.85575215,359.1345129,3.70393273,0.656015,0,0.0467,0.308396588,6.06E-05,3.48E-05,1.868,3.97E+00,2.52E-01,1.45E-01,1953.778122,1122.060715,6.06E-05,3.48E-05
148,35,"Alexander, M.E., Raven, H.J. & Robinson, T.B. (2015) Foraging decisions of a native whelk, Trochia cingulata Linnaeus, and the effects of invasive mussels on prey choice. Journal of Experimental Marine Biology and Ecology, 470, 26–33.",500,78.53982,14,40,Crustacea,Trochia cingulata,AC_stat,2D,1.741241,Mollusca,Aulacomya atra,0.470106,1,6,127.3239485,763.9436912,59.85575215,359.1345129,3.70393273,0.509086,0,0,0.239324383,4.70E-05,2.70E-05,0,0.00E+00,,,,,4.70E-05,2.70E-05
149,36,"Barrios-O’Neill, D., Kelly, R., Dick, J., Ricciardi, A., MacIsaac, H. & Emmerson, M. (2016) On the context-dependent scaling of consumer feeding rates. Ecology Letters, 19, 668–678.",700,103.87,12,1,Crustacea,Hemimysis anomala,AC_mob,3D,0.01749,Crustacea,Chelicorophium curvispinum,0.0039,2,100,2.86E+03,1.43E+05,11.14285714,557.1428571,4.484615385,0.0797266,0,0.0772996,0.000310934,2.18E-07,1.24E-05,0.0772996,1.98E+01,5.05E-02,2.88E+00,904.0367321,51688.77828,2.18E-07,1.25E-05
150,36,"Barrios-O’Neill, D., Kelly, R., Dick, J., Ricciardi, A., MacIsaac, H. & Emmerson, M. (2016) On the context-dependent scaling of consumer feeding rates. Ecology Letters, 19, 668–678.",700,103.87,12,1,Crustacea,Hemimysis anomala,AC_stat,2D,0.01749,Crustacea,Chelicorophium curvispinum,0.0039,2,100,192.5483778,9627.418889,0.750938673,37.54693367,4.484615385,0.104211,0.123729,0.174222,0.000406423,4.22E-06,0.000241367,0.174222,4.47E+01,2.24E-02,1.28E+00,13.30042955,760.4590939,1.08E-05,0.000620295
151,36,"Barrios-O’Neill, D., Kelly, R., Dick, J., Ricciardi, A., MacIsaac, H. & Emmerson, M. (2016) On the context-dependent scaling of consumer feeding rates. Ecology Letters, 19, 668–678.",700,103.87,12,1,Crustacea,Hemimysis anomala,AC_stat,2D,0.01749,Crustacea,Chelicorophium curvispinum,0.0039,2,100,192.5483778,9627.418889,0.750938673,37.54693367,4.484615385,0.072005,0.258937,0.411261,0.00028082,2.92E-06,0.000166774,0.411261,1.05E+02,9.48E-03,5.42E-01,6.147658694,351.4956372,1.54E-05,0.000881519
152,36,"Barrios-O’Neill, D., Kelly, R., Dick, J., Ricciardi, A., MacIsaac, H. & Emmerson, M. (2016) On the context-dependent scaling of consumer feeding rates. Ecology Letters, 19, 668–678.",700,103.87,12,1,Crustacea,Gammarus d. celticus,AC_mob,3D,0.00813,Crustacea,Chelicorophium curvispinum,0.0039,2,100,2.86E+03,1.43E+05,11.14285714,557.1428571,2.084615385,0.0020275,0.9959813,0.3600085,7.91E-06,5.54E-09,6.81E-07,0.3600085,9.23E+01,1.08E-02,1.33E+00,207.7243907,25550.35556,7.64E-06,0.000939139
153,36,"Barrios-O’Neill, D., Kelly, R., Dick, J., Ricciardi, A., MacIsaac, H. & Emmerson, M. (2016) On the context-dependent scaling of consumer feeding rates. Ecology Letters, 19, 668–678.",700,103.87,12,1,Crustacea,Gammarus d. celticus,AC_mob,3D,0.02243,Crustacea,Chelicorophium curvispinum,0.0039,2,100,2.86E+03,1.43E+05,11.14285714,557.1428571,5.751282051,0.317433,0.361054,0.222754,0.001237989,8.67E-07,3.86E-05,0.222754,5.71E+01,1.75E-02,7.81E-01,39.01968959,1739.620579,1.20E-05,0.000536156
154,36,"Barrios-O’Neill, D., Kelly, R., Dick, J., Ricciardi, A., MacIsaac, H. & Emmerson, M. (2016) On the context-dependent scaling of consumer feeding rates. Ecology Letters, 19, 668–678.",700,103.87,12,1,Crustacea,Gammarus d. celticus,AC_stat,2D,0.02243,Crustacea,Chelicorophium curvispinum,0.0039,2,100,192.5483778,9627.418889,0.750938673,37.54693367,5.751282051,0.11083,0.47363,0.80915,0.000432237,4.49E-06,0.000200163,0.80915,2.07E+02,4.82E-03,2.15E-01,1.928757927,85.9900993,4.23E-05,0.00188731
155,36,"Barrios-O’Neill, D., Kelly, R., Dick, J., Ricciardi, A., MacIsaac, H. & Emmerson, M. (2016) On the context-dependent scaling of consumer feeding rates. Ecology Letters, 19, 668–678.",700,103.87,12,1,Crustacea,Gammarus d. celticus,AC_stat,2D,0.02243,Crustacea,Chelicorophium curvispinum,0.0039,2,100,192.5483778,9627.418889,0.750938673,37.54693367,5.751282051,0.46577,0,5.04E-06,0.001816503,1.89E-05,0.000841196,0.00000504,1.29E-03,7.74E+02,3.45E+04,159945.6476,7130880.408,1.89E-05,0.000842621
156,36,"Barrios-O’Neill, D., Kelly, R., Dick, J., Ricciardi, A., MacIsaac, H. & Emmerson, M. (2016) On the context-dependent scaling of consumer feeding rates. Ecology Letters, 19, 668–678.",700,103.87,12,1,Crustacea,Gammarus d. celticus,AC_mob,3D,0.05384,Crustacea,Chelicorophium curvispinum,0.0039,2,100,2.86E+03,1.43E+05,11.14285714,557.1428571,13.80512821,1.800808,0.013751,0.123503,0.007023151,4.92E-06,9.13E-05,0.123503,3.17E+01,3.16E-02,5.87E-01,24.54516818,455.8909395,5.54E-06,0.00010292
157,36,"Barrios-O’Neill, D., Kelly, R., Dick, J., Ricciardi, A., MacIsaac, H. & Emmerson, M. (2016) On the context-dependent scaling of consumer feeding rates. Ecology Letters, 19, 668–678.",700,103.87,12,1,Crustacea,Gammarus d. celticus,AC_stat,2D,0.05384,Crustacea,Chelicorophium curvispinum,0.0039,2,100,192.5483778,9627.418889,0.750938673,37.54693367,13.80512821,0.049282,0.208055,0.103497,0.0001922,2.00E-06,3.71E-05,0.103497,2.65E+01,3.77E-02,7.00E-01,29.65902582,550.8734364,1.09E-05,0.000202443
158,36,"Barrios-O’Neill, D., Kelly, R., Dick, J., Ricciardi, A., MacIsaac, H. & Emmerson, M. (2016) On the context-dependent scaling of consumer feeding rates. Ecology Letters, 19, 668–678.",700,103.87,12,1,Crustacea,Gammarus d. celticus,AC_stat,2D,0.05384,Crustacea,Chelicorophium curvispinum,0.0039,2,100,192.5483778,9627.418889,0.750938673,37.54693367,13.80512821,0.428065,0.082707,0.166313,0.001669454,1.73E-05,0.000322077,0.166313,4.26E+01,2.34E-02,4.36E-01,4.30999915,80.05199016,3.00E-05,0.000557485
159,36,"Barrios-O’Neill, D., Kelly, R., Dick, J., Ricciardi, A., MacIsaac, H. & Emmerson, M. (2016) On the context-dependent scaling of consumer feeding rates. Ecology Letters, 19, 668–678.",700,103.87,12,1,Crustacea,Gammarus d. celticus,AC_mob,3D,0.08037,Crustacea,Chelicorophium curvispinum,0.0039,2,100,2.86E+03,1.43E+05,11.14285714,557.1428571,20.60769231,0.0373575,0.0422957,0.0378588,0.000145694,1.02E-07,1.27E-06,0.0378588,9.71E+00,1.03E-01,1.28E+00,3018.511415,37557.68838,1.79E-07,2.22E-06
160,36,"Barrios-O’Neill, D., Kelly, R., Dick, J., Ricciardi, A., MacIsaac, H. & Emmerson, M. (2016) On the context-dependent scaling of consumer feeding rates. Ecology Letters, 19, 668–678.",700,103.87,12,1,Crustacea,Gammarus d. celticus,AC_stat,2D,0.08037,Crustacea,Chelicorophium curvispinum,0.0039,2,100,192.5483778,9627.418889,0.750938673,37.54693367,20.60769231,0.0534167,0.057606,0.057777,0.000208325,2.16E-06,2.69E-05,0.057777,1.48E+01,6.75E-02,8.40E-01,88.79654467,1104.846892,3.80E-06,4.72E-05
161,36,"Barrios-O’Neill, D., Kelly, R., Dick, J., Ricciardi, A., MacIsaac, H. & Emmerson, M. (2016) On the context-dependent scaling of consumer feeding rates. Ecology Letters, 19, 668–678.",700,103.87,12,1,Crustacea,Gammarus d. celticus,AC_stat,2D,0.08037,Crustacea,Chelicorophium curvispinum,0.0039,2,100,192.5483778,9627.418889,0.750938673,37.54693367,20.60769231,0.189556,0.44185,0.21053,0.000739268,7.68E-06,9.55E-05,0.21053,5.40E+01,1.85E-02,2.30E-01,3.506065096,43.62405245,8.35E-05,0.001039309
162,36,"Barrios-O’Neill, D., Kelly, R., Dick, J., Ricciardi, A., MacIsaac, H. & Emmerson, M. (2016) On the context-dependent scaling of consumer feeding rates. Ecology Letters, 19, 668–678.",700,103.87,12,1,Osteichthyes,Pungitius pungitius,AC_mob,3D,0.15668,Crustacea,Chelicorophium curvispinum,0.0039,2,100,2.86E+03,1.43E+05,11.14285714,557.1428571,40.17435897,2.945561,0,0.0334964,0.011487688,8.04E-06,5.13E-05,0.0334964,8.59E+00,1.16E-01,7.43E-01,56.46774072,360.4017151,8.04E-06,5.13E-05
163,36,"Barrios-O’Neill, D., Kelly, R., Dick, J., Ricciardi, A., MacIsaac, H. & Emmerson, M. (2016) On the context-dependent scaling of consumer feeding rates. Ecology Letters, 19, 668–678.",700,103.87,12,1,Osteichthyes,Pungitius pungitius,AC_stat,2D,0.15668,Crustacea,Chelicorophium curvispinum,0.0039,2,100,192.5483778,9627.418889,0.750938673,37.54693367,40.17435897,1.7289075,0,0.0340706,0.006742739,7.00E-05,0.000447006,0.0340706,8.74E+00,1.14E-01,7.31E-01,6.374159629,40.68266294,7.00E-05,0.00044677
164,36,"Barrios-O’Neill, D., Kelly, R., Dick, J., Ricciardi, A., MacIsaac, H. & Emmerson, M. (2016) On the context-dependent scaling of consumer feeding rates. Ecology Letters, 19, 668–678.",700,103.87,12,1,Osteichthyes,Pungitius pungitius,AC_stat,2D,0.15668,Crustacea,Chelicorophium curvispinum,0.0039,2,100,192.5483778,9627.418889,0.750938673,37.54693367,40.17435897,0.167641,0,6.20E-07,0.0006538,6.79E-06,4.33E-05,0.00000062,1.59E-04,6.29E+03,4.01E+04,3612455.809,23056266.33,6.79E-06,4.33E-05
165,36,"Barrios-O’Neill, D., Kelly, R., Dick, J., Ricciardi, A., MacIsaac, H. & Emmerson, M. (2016) On the context-dependent scaling of consumer feeding rates. Ecology Letters, 19, 668–678.",700,103.87,12,1,Osteichthyes,Gasterosteus aculeatus,AC_mob,3D,0.40287,Crustacea,Chelicorophium curvispinum,0.0039,2,100,2.86E+03,1.43E+05,11.14285714,557.1428571,103.3,4.1392782,0,0.029644,0.016143185,1.13E-05,2.80E-05,0.029644,7.60E+00,1.32E-01,3.27E-01,45.40515329,112.7042304,1.13E-05,2.80E-05
166,36,"Barrios-O’Neill, D., Kelly, R., Dick, J., Ricciardi, A., MacIsaac, H. & Emmerson, M. (2016) On the context-dependent scaling of consumer feeding rates. Ecology Letters, 19, 668–678.",700,103.87,12,1,Osteichthyes,Gasterosteus aculeatus,AC_stat,2D,0.40287,Crustacea,Chelicorophium curvispinum,0.0039,2,100,192.5483778,9627.418889,0.750938673,37.54693367,103.3,0.0262439,0,0.0276057,0.000102351,1.06E-06,2.64E-06,0.0276057,7.08E+00,1.41E-01,3.51E-01,518.259578,1286.41889,1.06E-06,2.63E-06
167,36,"Barrios-O’Neill, D., Kelly, R., Dick, J., Ricciardi, A., MacIsaac, H. & Emmerson, M. (2016) On the context-dependent scaling of consumer feeding rates. Ecology Letters, 19, 668–678.",700,103.87,12,1,Osteichthyes,Gasterosteus aculeatus,AC_stat,2D,0.40287,Crustacea,Chelicorophium curvispinum,0.0039,2,300,192.5483778,28882.25667,0.750938673,112.640801,103.3,0.2761735,0.1073876,0.0181379,0.001077077,1.12E-05,2.78E-05,0.0181379,4.65E+00,2.15E-01,5.34E-01,44.84802207,111.3213247,2.91E-05,7.23E-05
168,36,"Barrios-O’Neill, D., Kelly, R., Dick, J., Ricciardi, A., MacIsaac, H. & Emmerson, M. (2016) On the context-dependent scaling of consumer feeding rates. Ecology Letters, 19, 668–678.",700,103.87,12,1,Osteichthyes,Gasterosteus aculeatus,AC_mob,3D,0.66473,Crustacea,Chelicorophium curvispinum,0.0039,2,100,2.86E+03,1.43E+05,11.14285714,557.1428571,170.4435897,3.028848,0,0.012685,0.011812507,8.27E-06,1.24E-05,0.012685,3.25E+00,3.07E-01,4.63E-01,145.0102216,218.1490554,8.27E-06,1.24E-05
169,36,"Barrios-O’Neill, D., Kelly, R., Dick, J., Ricciardi, A., MacIsaac, H. & Emmerson, M. (2016) On the context-dependent scaling of consumer feeding rates. Ecology Letters, 19, 668–678.",700,103.87,12,1,Osteichthyes,Gasterosteus aculeatus,AC_stat,2D,0.66473,Crustacea,Chelicorophium curvispinum,0.0039,2,100,192.5483778,9627.418889,0.750938673,37.54693367,170.4435897,1.810899,0.070371,0.015417,0.007062506,7.34E-05,0.000110358,0.015417,3.95E+00,2.53E-01,3.81E-01,10.62934413,15.99046851,1.25E-04,0.000188641
170,36,"Barrios-O’Neill, D., Kelly, R., Dick, J., Ricciardi, A., MacIsaac, H. & Emmerson, M. (2016) On the context-dependent scaling of consumer feeding rates. Ecology Letters, 19, 668–678.",700,103.87,12,1,Osteichthyes,Gasterosteus aculeatus,AC_stat,2D,0.66473,Crustacea,Chelicorophium curvispinum,0.0039,2,300,192.5483778,28882.25667,0.750938673,112.640801,170.4435897,0.1622631,0.2615259,0.0385141,0.000632826,6.57E-06,9.89E-06,0.0385141,9.88E+00,1.01E-01,1.52E-01,20.97936078,31.56072507,4.85E-05,7.30E-05
171,36,"Barrios-O’Neill, D., Kelly, R., Dick, J., Ricciardi, A., MacIsaac, H. & Emmerson, M. (2016) On the context-dependent scaling of consumer feeding rates. Ecology Letters, 19, 668–678.",700,103.87,12,1,Osteichthyes,Gasterosteus aculeatus,AC_mob,3D,1.22564,Crustacea,Chelicorophium curvispinum,0.0039,2,100,2.86E+03,1.43E+05,11.14285714,557.1428571,314.2666667,3.1313778,0,0.0067378,0.012212373,8.55E-06,6.97E-06,0.0067378,1.73E+00,5.79E-01,4.72E-01,264.0663017,215.4517654,8.55E-06,6.98E-06
172,36,"Barrios-O’Neill, D., Kelly, R., Dick, J., Ricciardi, A., MacIsaac, H. & Emmerson, M. (2016) On the context-dependent scaling of consumer feeding rates. Ecology Letters, 19, 668–678.",700,103.87,12,1,Osteichthyes,Gasterosteus aculeatus,AC_stat,2D,1.22564,Crustacea,Chelicorophium curvispinum,0.0039,2,100,192.5483778,9627.418889,0.750938673,37.54693367,314.2666667,0.868002,0.129601,0.010056,0.003385208,3.52E-05,2.87E-05,0.010056,2.58E+00,3.88E-01,3.16E-01,24.96834729,20.37168116,1.02E-04,8.35E-05
173,36,"Barrios-O’Neill, D., Kelly, R., Dick, J., Ricciardi, A., MacIsaac, H. & Emmerson, M. (2016) On the context-dependent scaling of consumer feeding rates. Ecology Letters, 19, 668–678.",700,103.87,12,1,Osteichthyes,Gasterosteus aculeatus,AC_stat,2D,1.22564,Crustacea,Chelicorophium curvispinum,0.0039,2,300,192.5483778,28882.25667,0.750938673,112.640801,314.2666667,0.2236157,0.1217946,0.0068784,0.000872101,9.06E-06,7.39E-06,0.0068784,1.76E+00,5.67E-01,4.63E-01,120.8294555,98.5847847,3.01E-05,2.45E-05
174,36,"Barrios-O’Neill, D., Kelly, R., Dick, J., Ricciardi, A., MacIsaac, H. & Emmerson, M. (2016) On the context-dependent scaling of consumer feeding rates. Ecology Letters, 19, 668–678.",700,103.87,12,1,Osteichthyes,Salmo trutta,AC_mob,3D,1.86542,Crustacea,Chelicorophium curvispinum,0.0039,2,100,2.86E+03,1.43E+05,11.14285714,557.1428571,478.3128205,0.3853998,0.2256291,0.0316735,0.001503059,1.05E-06,5.64E-07,0.0316735,8.12E+00,1.23E-01,6.60E-02,202.8233088,108.7279588,9.00E-06,4.83E-06
175,36,"Barrios-O’Neill, D., Kelly, R., Dick, J., Ricciardi, A., MacIsaac, H. & Emmerson, M. (2016) On the context-dependent scaling of consumer feeding rates. Ecology Letters, 19, 668–678.",700,103.87,12,1,Osteichthyes,Salmo trutta,AC_stat,2D,1.86542,Crustacea,Chelicorophium curvispinum,0.0039,2,100,192.5483778,9627.418889,0.750938673,37.54693367,478.3128205,0.1799638,0.2635681,0.017924,0.000701859,7.29E-06,3.91E-06,0.017924,4.60E+00,2.18E-01,1.17E-01,35.17844206,18.85818854,6.25E-05,3.35E-05
176,36,"Barrios-O’Neill, D., Kelly, R., Dick, J., Ricciardi, A., MacIsaac, H. & Emmerson, M. (2016) On the context-dependent scaling of consumer feeding rates. Ecology Letters, 19, 668–678.",700,103.87,12,1,Osteichthyes,Salmo trutta,AC_stat,2D,1.86542,Crustacea,Chelicorophium curvispinum,0.0039,2,100,192.5483778,9627.418889,0.750938673,37.54693367,478.3128205,0.14224,0.023663,4.50E-08,0.000554736,5.76E-06,3.09E-06,0.000000045,1.15E-05,8.67E+04,4.65E+04,37925654.15,20330892.86,9.90E-06,5.31E-06
177,36,"Barrios-O’Neill, D., Kelly, R., Dick, J., Ricciardi, A., MacIsaac, H. & Emmerson, M. (2016) On the context-dependent scaling of consumer feeding rates. Ecology Letters, 19, 668–678.",700,103.87,12,1,Osteichthyes,Salmo trutta,AC_mob,3D,6.43369,Crustacea,Chelicorophium curvispinum,0.0039,2,40,2.86E+03,5.71E+04,11.14285714,222.8571429,1649.664103,0.0443316,0.6222465,0.0543277,0.000172893,1.21E-07,1.88E-08,0.0543277,1.39E+01,7.18E-02,1.12E-02,229.0559379,35.60257611,1.98E-05,3.08E-06
178,36,"Barrios-O’Neill, D., Kelly, R., Dick, J., Ricciardi, A., MacIsaac, H. & Emmerson, M. (2016) On the context-dependent scaling of consumer feeding rates. Ecology Letters, 19, 668–678.",700,103.87,12,1,Osteichthyes,Salmo trutta,AC_stat,2D,6.43369,Crustacea,Chelicorophium curvispinum,0.0039,2,40,192.5483778,3850.967556,0.750938673,15.01877347,1649.664103,0.039705,0.698926,0.029796,0.00015485,1.61E-06,2.50E-07,0.029796,7.64E+00,1.31E-01,2.03E-02,19.83470545,3.082943918,1.69E-04,2.62E-05
179,36,"Barrios-O’Neill, D., Kelly, R., Dick, J., Ricciardi, A., MacIsaac, H. & Emmerson, M. (2016) On the context-dependent scaling of consumer feeding rates. Ecology Letters, 19, 668–678.",700,103.87,12,1,Osteichthyes,Salmo trutta,AC_stat,2D,6.43369,Crustacea,Chelicorophium curvispinum,0.0039,2,40,192.5483778,3850.967556,0.750938673,15.01877347,1649.664103,0.069129,0,0.026389,0.000269603,2.80E-06,4.35E-07,0.026389,6.77E+00,1.48E-01,2.30E-02,205.8217506,31.99124462,2.80E-06,4.35E-07
180,37,"Barrios-O’Neill, D., Dick, J.T.A., Emmerson, M.C., Ricciardi, A. & MacIsaac, H.J. (2015) Predator-free space, functional responses and biological invasions. Functional Ecology, 29, 377–384.",500,153.94,12,1,Crustacea,Gammarus d. celticus,AC_mob,2D,0.0942,Crustacea,Chelicorophium curvispinum,0.0054,1,40,64.96037417,2598.414967,0.350786021,14.03144082,17.44444444,0.30696,0.202485,0.137736,0.001657584,2.55E-05,0.000270879,0.137736,2.55E+01,3.92E-02,4.16E-01,4.870444351,51.7032309,8.77E-05,0.000931388
181,37,"Barrios-O’Neill, D., Dick, J.T.A., Emmerson, M.C., Ricciardi, A. & MacIsaac, H.J. (2015) Predator-free space, functional responses and biological invasions. Functional Ecology, 29, 377–384.",500,153.94,12,1,Crustacea,Gammarus d. celticus,AC_mob,2D,0.0942,Crustacea,Chelicorophium curvispinum,0.0054,1,40,64.96037417,2598.414967,0.350786021,14.03144082,17.44444444,0.473709,0.089968,0.075504,0.002558029,3.94E-05,0.000418029,0.075504,1.40E+01,7.15E-02,7.59E-01,7.450104141,79.08815436,7.32E-05,0.000776958
182,37,"Barrios-O’Neill, D., Dick, J.T.A., Emmerson, M.C., Ricciardi, A. & MacIsaac, H.J. (2015) Predator-free space, functional responses and biological invasions. Functional Ecology, 29, 377–384.",500,153.94,12,1,Crustacea,Gammarus d. celticus,AC_mob,2D,0.0942,Crustacea,Chelicorophium curvispinum,0.0054,1,40,64.96037417,2598.414967,0.350786021,14.03144082,17.44444444,0.88943,0.052296,0.065297,0.004802922,7.39E-05,0.000784885,0.065297,1.21E+01,8.27E-02,8.78E-01,5.243387786,55.66229073,1.05E-04,0.001111984
183,38,"South, J. & Dick, J.T.A. (2017) Effects of acute and chronic temperature changes on the functional responses of the dogfish Scyliorhinus canicula (Linnaeus, 1758) towards amphipod prey Echinogammarus marinus (Leach, 1815). Environmental Biology of Fishes, 1–13.",60000,1970.25,11.3,0.083,Chondrichthyes,Scyliorhinus canicula,AC_mob,2D,141.9068,Crustacea,Echinogammarus marinus,0.01322465,1,20,5.075498033,101.5099607,0.067121685,1.342433701,10730.4768,0.849039,0,0.10623,0.011228244,0.026653551,0.000187824,0.00881709,6.67E-01,1.50E+00,1.06E-02,0.744197196,0.005244267,0.026653551,0.000187824
184,38,"South, J. & Dick, J.T.A. (2017) Effects of acute and chronic temperature changes on the functional responses of the dogfish Scyliorhinus canicula (Linnaeus, 1758) towards amphipod prey Echinogammarus marinus (Leach, 1815). Environmental Biology of Fishes, 1–13.",60000,1970.25,16.3,0.083,Chondrichthyes,Scyliorhinus canicula,AC_mob,2D,141.9068,Crustacea,Echinogammarus marinus,0.01322465,1,20,5.075498033,101.5099607,0.067121685,1.342433701,10730.4768,0.100991,1,0.120075,0.001335571,0.003170372,2.23E-05,0.009966225,7.54E-01,1.33E+00,9.35E-03,0.609530184,0.004295285,0.064843947,0.000456947
185,38,"South, J. & Dick, J.T.A. (2017) Effects of acute and chronic temperature changes on the functional responses of the dogfish Scyliorhinus canicula (Linnaeus, 1758) towards amphipod prey Echinogammarus marinus (Leach, 1815). Environmental Biology of Fishes, 1–13.",60000,1970.25,16.3,0.083,Chondrichthyes,Scyliorhinus canicula,AC_mob,2D,141.9068,Crustacea,Echinogammarus marinus,0.01322465,1,20,5.075498033,101.5099607,0.067121685,1.342433701,10730.4768,0.5,0,0,0.006612325,0.015696305,0.00011061,0,0.00E+00,,,,,0.015696305,0.00011061
186,38,"South, J. & Dick, J.T.A. (2017) Effects of acute and chronic temperature changes on the functional responses of the dogfish Scyliorhinus canicula (Linnaeus, 1758) towards amphipod prey Echinogammarus marinus (Leach, 1815). Environmental Biology of Fishes, 1–13.",60000,1970.25,16.3,0.083,Chondrichthyes,Scyliorhinus canicula,AC_mob,2D,141.9068,Crustacea,Echinogammarus marinus,0.01322465,1,20,5.075498033,101.5099607,0.067121685,1.342433701,10730.4768,0.368188,0.727621,0.088144,0.004869157,0.011558381,8.15E-05,0.007315952,5.53E-01,1.81E+00,1.27E-02,0.488191062,0.003440223,0.097073723,0.000684067
187,38,"South, J. & Dick, J.T.A. (2017) Effects of acute and chronic temperature changes on the functional responses of the dogfish Scyliorhinus canicula (Linnaeus, 1758) towards amphipod prey Echinogammarus marinus (Leach, 1815). Environmental Biology of Fishes, 1–13.",60000,1970.25,16.3,0.083,Chondrichthyes,Scyliorhinus canicula,AC_mob,2D,141.9068,Crustacea,Echinogammarus marinus,0.01322465,1,20,5.075498033,101.5099607,0.067121685,1.342433701,10730.4768,0.53765,0,0.12468,0.007110233,0.016878237,0.000118939,0.01034844,7.83E-01,1.28E+00,9.01E-03,1.001305051,0.007056075,0.016878237,0.000118939
